INSERT INTO `hfri`.`addresses` (`address_id`, `number`, `street`, `city`, `postal_code`) VALUES (1, 4, 'McLaughlin Motorway', 'New Myrnaburgh', '05824');
INSERT INTO `hfri`.`addresses` (`address_id`, `number`, `street`, `city`, `postal_code`) VALUES (2, 56, 'Dooley Park', 'East Mistyport', '74988');
INSERT INTO `hfri`.`addresses` (`address_id`, `number`, `street`, `city`, `postal_code`) VALUES (3, 265, 'Cordie Prairie', 'McLaughlinfurt', '48711');
INSERT INTO `hfri`.`addresses` (`address_id`, `number`, `street`, `city`, `postal_code`) VALUES (4, 344, 'Durgan Spurs', 'North Fiona', '59070');
INSERT INTO `hfri`.`addresses` (`address_id`, `number`, `street`, `city`, `postal_code`) VALUES (5, 100, 'Jarvis Island', 'Baileyshire', '33530');
INSERT INTO `hfri`.`addresses` (`address_id`, `number`, `street`, `city`, `postal_code`) VALUES (6, 12, 'Hollis Well', 'Albinton', '53400');
INSERT INTO `hfri`.`addresses` (`address_id`, `number`, `street`, `city`, `postal_code`) VALUES (7, 107, 'Mertz Pike', 'Johnsonfort', '00340');
INSERT INTO `hfri`.`addresses` (`address_id`, `number`, `street`, `city`, `postal_code`) VALUES (8, 5505, 'Kody Pike', 'Auerfort', '85978');
INSERT INTO `hfri`.`addresses` (`address_id`, `number`, `street`, `city`, `postal_code`) VALUES (9, 407, 'Athena Ways', 'Nolanshire', '87086');
INSERT INTO `hfri`.`addresses` (`address_id`, `number`, `street`, `city`, `postal_code`) VALUES (10, 188, 'Melody Glens', 'Quitzonstad', '63504');
INSERT INTO `hfri`.`addresses` (`address_id`, `number`, `street`, `city`, `postal_code`) VALUES (11, 564, 'Gino Mountain', 'East Luigiville', '76589');
INSERT INTO `hfri`.`addresses` (`address_id`, `number`, `street`, `city`, `postal_code`) VALUES (12, 99, 'Breana Key', 'Bednartown', '06946');
INSERT INTO `hfri`.`addresses` (`address_id`, `number`, `street`, `city`, `postal_code`) VALUES (13, 3020, 'Faye Plain', 'North Jewel', '41955');
INSERT INTO `hfri`.`addresses` (`address_id`, `number`, `street`, `city`, `postal_code`) VALUES (14, 495, 'Rolfson Divide', 'South Kayleymouth', '65476');
INSERT INTO `hfri`.`addresses` (`address_id`, `number`, `street`, `city`, `postal_code`) VALUES (15, 10, 'Ena Circle', 'Raleighburgh', '41580');
INSERT INTO `hfri`.`addresses` (`address_id`, `number`, `street`, `city`, `postal_code`) VALUES (16, 547, 'Michelle Knoll', 'Port Elmira', '48503');
INSERT INTO `hfri`.`addresses` (`address_id`, `number`, `street`, `city`, `postal_code`) VALUES (17, 684, 'Parisian Highway', 'West Raymondchester', '88751');
INSERT INTO `hfri`.`addresses` (`address_id`, `number`, `street`, `city`, `postal_code`) VALUES (18, 6901, 'Sven Streets', 'Swaniawskifurt', '95447');
INSERT INTO `hfri`.`addresses` (`address_id`, `number`, `street`, `city`, `postal_code`) VALUES (19, 450, 'Berge Pine', 'Raemouth', '71096');
INSERT INTO `hfri`.`addresses` (`address_id`, `number`, `street`, `city`, `postal_code`) VALUES (20, 831, 'Heller Pike', 'Lake Nikolas', '08297');
INSERT INTO `hfri`.`addresses` (`address_id`, `number`, `street`, `city`, `postal_code`) VALUES (21, 12000, 'Coors Rd SW', 'Albuquerque', '87045');
INSERT INTO `hfri`.`addresses` (`address_id`, `number`, `street`, `city`, `postal_code`) VALUES (22, 200, 'Schowalter Neck', 'New Irwinborough', '08931');
INSERT INTO `hfri`.`addresses` (`address_id`, `number`, `street`, `city`, `postal_code`) VALUES (23, 230, 'Micheal Trail', 'Danielstad', '90848');
INSERT INTO `hfri`.`addresses` (`address_id`, `number`, `street`, `city`, `postal_code`) VALUES (24, 753, 'Gisselle Land', 'Port Abigayle', '99544');
INSERT INTO `hfri`.`addresses` (`address_id`, `number`, `street`, `city`, `postal_code`) VALUES (25, 633, 'Collins Street', 'Finnport', '31559');
INSERT INTO `hfri`.`addresses` (`address_id`, `number`, `street`, `city`, `postal_code`) VALUES (26, 4, 'Steuber Green', 'East Nayelihaven', '55338');
INSERT INTO `hfri`.`addresses` (`address_id`, `number`, `street`, `city`, `postal_code`) VALUES (27, 622, 'Brittany Mountain', 'Johnnieside', '93560');
INSERT INTO `hfri`.`addresses` (`address_id`, `number`, `street`, `city`, `postal_code`) VALUES (28, 591, 'Predovic Cape', 'Johnathanberg', '11417');
INSERT INTO `hfri`.`addresses` (`address_id`, `number`, `street`, `city`, `postal_code`) VALUES (29, 437, 'Jacobi Port', 'New Miguel', '62983');
INSERT INTO `hfri`.`addresses` (`address_id`, `number`, `street`, `city`, `postal_code`) VALUES (30, 16, 'Cartwright Knolls', 'West Hermina', '92514');
INSERT INTO `hfri`.`addresses` (`address_id`, `number`, `street`, `city`, `postal_code`) VALUES (31, 750, 'Milford Terrace', 'Reillyshire', '27314');
INSERT INTO `hfri`.`addresses` (`address_id`, `number`, `street`, `city`, `postal_code`) VALUES (32, 92, 'Torey Ports', 'South Wilsonchester', '14960');
INSERT INTO `hfri`.`addresses` (`address_id`, `number`, `street`, `city`, `postal_code`) VALUES (33, 561, 'Marks Garden', 'South Jordifort', '28510');
INSERT INTO `hfri`.`addresses` (`address_id`, `number`, `street`, `city`, `postal_code`) VALUES (34, 61, 'Oma Run', 'Kreigerhaven', '01246');
INSERT INTO `hfri`.`addresses` (`address_id`, `number`, `street`, `city`, `postal_code`) VALUES (35, 42, 'Llewellyn Inlet', 'Greenmouth', '10421');
INSERT INTO `hfri`.`addresses` (`address_id`, `number`, `street`, `city`, `postal_code`) VALUES (36, 161, 'Vandervort Groves', 'Milomouth', '24272');
INSERT INTO `hfri`.`addresses` (`address_id`, `number`, `street`, `city`, `postal_code`) VALUES (37, 30, 'Pagac Vista', 'Courtneyburgh', '10445');
INSERT INTO `hfri`.`addresses` (`address_id`, `number`, `street`, `city`, `postal_code`) VALUES (38, 103, 'Nader Springs', 'Jasperland', '45929');
INSERT INTO `hfri`.`addresses` (`address_id`, `number`, `street`, `city`, `postal_code`) VALUES (39, 334, 'Alena Avenue', 'Joaniefort', '20917');
INSERT INTO `hfri`.`addresses` (`address_id`, `number`, `street`, `city`, `postal_code`) VALUES (40, 295, 'Justus Gateway', 'New Nicole', '70725');
INSERT INTO `hfri`.`addresses` (`address_id`, `number`, `street`, `city`, `postal_code`) VALUES (41, 54, 'Rosemarie Plains', 'Durganton', '82499');
INSERT INTO `hfri`.`addresses` (`address_id`, `number`, `street`, `city`, `postal_code`) VALUES (42, 426, 'Demario Springs', 'Leannonhaven', '24036');
INSERT INTO `hfri`.`addresses` (`address_id`, `number`, `street`, `city`, `postal_code`) VALUES (43, 483, 'Patience Tunnel', 'West Isobel', '99696');
INSERT INTO `hfri`.`addresses` (`address_id`, `number`, `street`, `city`, `postal_code`) VALUES (44, 297, 'Runolfsdottir Ports', 'Vandervortfort', '77376');
INSERT INTO `hfri`.`addresses` (`address_id`, `number`, `street`, `city`, `postal_code`) VALUES (45, 682, 'Orin Centers', 'Deondrefort', '49013');
INSERT INTO `hfri`.`addresses` (`address_id`, `number`, `street`, `city`, `postal_code`) VALUES (46, 524, 'Jakubowski Shoal', 'South Alda', '83209');
INSERT INTO `hfri`.`addresses` (`address_id`, `number`, `street`, `city`, `postal_code`) VALUES (47, 60, 'Mohammed Flat', 'Marianton', '26737');
INSERT INTO `hfri`.`addresses` (`address_id`, `number`, `street`, `city`, `postal_code`) VALUES (48, 90, 'Weber Mission', 'Naderstad', '38596');
INSERT INTO `hfri`.`addresses` (`address_id`, `number`, `street`, `city`, `postal_code`) VALUES (49, 41, 'Shyann Spring', 'South Justineshire', '60771');
INSERT INTO `hfri`.`addresses` (`address_id`, `number`, `street`, `city`, `postal_code`) VALUES (50, 850, 'Jannie Port', 'Cassinburgh', '50076');
INSERT INTO `hfri`.`addresses` (`address_id`, `number`, `street`, `city`, `postal_code`) VALUES (51, 274, 'Guido Shoals', 'Elyssaberg', '81692');
INSERT INTO `hfri`.`addresses` (`address_id`, `number`, `street`, `city`, `postal_code`) VALUES (52, 424, 'Meggie Key', 'Lake Judahfort', '74274');
INSERT INTO `hfri`.`addresses` (`address_id`, `number`, `street`, `city`, `postal_code`) VALUES (53, 84, 'O\'Hara Station', 'Vivafort', '01072');
INSERT INTO `hfri`.`addresses` (`address_id`, `number`, `street`, `city`, `postal_code`) VALUES (54, 92, 'Claire Light', 'West Demondshire', '00652');
INSERT INTO `hfri`.`addresses` (`address_id`, `number`, `street`, `city`, `postal_code`) VALUES (55, 716, 'Nicolas Meadow', 'North Edwina', '07177');
INSERT INTO `hfri`.`addresses` (`address_id`, `number`, `street`, `city`, `postal_code`) VALUES (56, 721, 'Lorenzo Glens', 'Milesstad', '49027');
INSERT INTO `hfri`.`addresses` (`address_id`, `number`, `street`, `city`, `postal_code`) VALUES (57, 845, 'Saul Island', 'Nitzscheland', '34290');
INSERT INTO `hfri`.`addresses` (`address_id`, `number`, `street`, `city`, `postal_code`) VALUES (58, 483, 'Shanahan Square', 'Vellahaven', '35441');
INSERT INTO `hfri`.`addresses` (`address_id`, `number`, `street`, `city`, `postal_code`) VALUES (59, 25, 'Chance Mission', 'DuBuquestad', '17326');
INSERT INTO `hfri`.`addresses` (`address_id`, `number`, `street`, `city`, `postal_code`) VALUES (60, 32, 'Deion Well', 'Ivorymouth', '75846');
INSERT INTO `hfri`.`addresses` (`address_id`, `number`, `street`, `city`, `postal_code`) VALUES (61, 833, 'Schiller Path', 'Lehnerborough', '16104');
INSERT INTO `hfri`.`addresses` (`address_id`, `number`, `street`, `city`, `postal_code`) VALUES (62, 55, 'Lakin Prairie', 'Greenborough', '73641');
INSERT INTO `hfri`.`addresses` (`address_id`, `number`, `street`, `city`, `postal_code`) VALUES (63, 179, 'Ibrahim Station', 'New Jeanetteside', '01681');
INSERT INTO `hfri`.`addresses` (`address_id`, `number`, `street`, `city`, `postal_code`) VALUES (64, 1201, 'Kozey Valleys', 'Allymouth', '07748');
INSERT INTO `hfri`.`addresses` (`address_id`, `number`, `street`, `city`, `postal_code`) VALUES (65, 695, 'Jacobi Squares', 'South Keshawn', '59090');
INSERT INTO `hfri`.`addresses` (`address_id`, `number`, `street`, `city`, `postal_code`) VALUES (66, 2691, 'Jovani Extensions', 'North Candido', '27959');
INSERT INTO `hfri`.`addresses` (`address_id`, `number`, `street`, `city`, `postal_code`) VALUES (67, 80, 'Volkman Motorway', 'Lake Rigobertoboroug', '91121');
INSERT INTO `hfri`.`addresses` (`address_id`, `number`, `street`, `city`, `postal_code`) VALUES (68, 780, 'Harvey Corners', 'Port Titus', '58708');
INSERT INTO `hfri`.`addresses` (`address_id`, `number`, `street`, `city`, `postal_code`) VALUES (69, 292, 'Lempi Brooks', 'Emmatown', '49834');
INSERT INTO `hfri`.`addresses` (`address_id`, `number`, `street`, `city`, `postal_code`) VALUES (70, 231, 'Jones Ville', 'Langtown', '11063');
INSERT INTO `hfri`.`addresses` (`address_id`, `number`, `street`, `city`, `postal_code`) VALUES (71, 862, 'Homenick Trail', 'Chesterstad', '84667');
INSERT INTO `hfri`.`addresses` (`address_id`, `number`, `street`, `city`, `postal_code`) VALUES (72, 3961, 'Leuschke Plaza', 'East Elnora', '37023');
INSERT INTO `hfri`.`addresses` (`address_id`, `number`, `street`, `city`, `postal_code`) VALUES (73, 435, 'Schiller Inlet', 'Croninbury', '42154');
INSERT INTO `hfri`.`addresses` (`address_id`, `number`, `street`, `city`, `postal_code`) VALUES (74, 375, 'Godfrey Highway', 'South Emmie', '76921');
INSERT INTO `hfri`.`addresses` (`address_id`, `number`, `street`, `city`, `postal_code`) VALUES (75, 95, 'Celestine Parks', 'West Stewartberg', '31161');
INSERT INTO `hfri`.`addresses` (`address_id`, `number`, `street`, `city`, `postal_code`) VALUES (76, 640, 'Rodolfo Spurs', 'Stiedemanntown', '59984');
INSERT INTO `hfri`.`addresses` (`address_id`, `number`, `street`, `city`, `postal_code`) VALUES (77, 232, 'Rosie Ports', 'Bergeburgh', '63845');
INSERT INTO `hfri`.`addresses` (`address_id`, `number`, `street`, `city`, `postal_code`) VALUES (78, 155, 'Clint Club', 'Johnstonshire', '44330');
INSERT INTO `hfri`.`addresses` (`address_id`, `number`, `street`, `city`, `postal_code`) VALUES (79, 35, 'Yasmine Estate', 'New Isaac', '55929');
INSERT INTO `hfri`.`addresses` (`address_id`, `number`, `street`, `city`, `postal_code`) VALUES (80, 14, 'Eldora Common', 'Port Robinborough', '42531');

INSERT INTO `hfri`.`organisations` (`organisation_id`, `acronym`, `name`, `type`, `address_id`, `budget`) VALUES (1, 'HUD', 'Hudson Inc', 'RESEARCH_CENTER', 22, 1337951);
INSERT INTO `hfri`.`organisations` (`organisation_id`, `acronym`, `name`, `type`, `address_id`, `budget`) VALUES (2, 'LBR', 'Lehner, Blanda and Rau', 'COLLEGE', 17, 2181756);
INSERT INTO `hfri`.`organisations` (`organisation_id`, `acronym`, `name`, `type`, `address_id`, `budget`) VALUES (3, 'MG', 'Morissette-Greenholt', 'RESEARCH_CENTER', 45, 5723280);
INSERT INTO `hfri`.`organisations` (`organisation_id`, `acronym`, `name`, `type`, `address_id`, `budget`) VALUES (4, 'LWZ', 'Lueilwitz PLC', 'RESEARCH_CENTER', 52, 1873562);
INSERT INTO `hfri`.`organisations` (`organisation_id`, `acronym`, `name`, `type`, `address_id`, `budget`) VALUES (5, 'RRD', 'Rodriguez, Runolfsson and Dibbert', 'COMPANY', 13, 5019033);
INSERT INTO `hfri`.`organisations` (`organisation_id`, `acronym`, `name`, `type`, `address_id`, `budget`) VALUES (6, 'MW', 'Muller-Will', 'COLLEGE', 29, 5585869);
INSERT INTO `hfri`.`organisations` (`organisation_id`, `acronym`, `name`, `type`, `address_id`, `budget`) VALUES (7, 'G&S', 'Gibson and Sons', 'COLLEGE', 62, 9157457);
INSERT INTO `hfri`.`organisations` (`organisation_id`, `acronym`, `name`, `type`, `address_id`, `budget`) VALUES (8, 'LYN', 'Lynch Ltd', 'COMPANY', 78, 7629588);
INSERT INTO `hfri`.`organisations` (`organisation_id`, `acronym`, `name`, `type`, `address_id`, `budget`) VALUES (9, 'RMR', 'Rowe, Moore and Runolfsson', 'COMPANY', 60, 5728059);
INSERT INTO `hfri`.`organisations` (`organisation_id`, `acronym`, `name`, `type`, `address_id`, `budget`) VALUES (10, 'TS', 'Terry-Schultz', 'RESEARCH_CENTER', 7, 8542798);
INSERT INTO `hfri`.`organisations` (`organisation_id`, `acronym`, `name`, `type`, `address_id`, `budget`) VALUES (11, 'HET', 'Hettinger Inc', 'COMPANY', 51, 1695863);
INSERT INTO `hfri`.`organisations` (`organisation_id`, `acronym`, `name`, `type`, `address_id`, `budget`) VALUES (12, 'RRH', 'Reynolds, Ritchie and Howe', 'RESEARCH_CENTER', 64, 8947776);
INSERT INTO `hfri`.`organisations` (`organisation_id`, `acronym`, `name`, `type`, `address_id`, `budget`) VALUES (13, 'LB', 'Lynch-Block', 'RESEARCH_CENTER', 19, 7289926);
INSERT INTO `hfri`.`organisations` (`organisation_id`, `acronym`, `name`, `type`, `address_id`, `budget`) VALUES (14, 'DNS', 'Dibbert, Nitzsche and Stracke', 'RESEARCH_CENTER', 68, 6259705);
INSERT INTO `hfri`.`organisations` (`organisation_id`, `acronym`, `name`, `type`, `address_id`, `budget`) VALUES (15, 'BHS', 'Bailey, Hickle and Smith', 'RESEARCH_CENTER', 40, 4446660);
INSERT INTO `hfri`.`organisations` (`organisation_id`, `acronym`, `name`, `type`, `address_id`, `budget`) VALUES (16, 'DS', 'Dooley-Stamm', 'COMPANY', 80, 2162916);
INSERT INTO `hfri`.`organisations` (`organisation_id`, `acronym`, `name`, `type`, `address_id`, `budget`) VALUES (17, 'BBR', 'Buckridge, Balistreri and Reichel', 'COMPANY', 61, 9933670);
INSERT INTO `hfri`.`organisations` (`organisation_id`, `acronym`, `name`, `type`, `address_id`, `budget`) VALUES (18, 'LNS', 'Lang, Nikolaus and Spencer', 'RESEARCH_CENTER', 70, 240825);
INSERT INTO `hfri`.`organisations` (`organisation_id`, `acronym`, `name`, `type`, `address_id`, `budget`) VALUES (19, 'WELCH', 'Welch Group', 'RESEARCH_CENTER', 32, 3073547);
INSERT INTO `hfri`.`organisations` (`organisation_id`, `acronym`, `name`, `type`, `address_id`, `budget`) VALUES (20, 'V&S', 'Von and Sons', 'COMPANY', 26, 7746810);
INSERT INTO `hfri`.`organisations` (`organisation_id`, `acronym`, `name`, `type`, `address_id`, `budget`) VALUES (21, 'PML', 'Powlowski, Muller and Legros', 'COLLEGE', 69, 3979876);
INSERT INTO `hfri`.`organisations` (`organisation_id`, `acronym`, `name`, `type`, `address_id`, `budget`) VALUES (22, 'JCR', 'Jacobs, Cruickshank and Rogahn', 'COMPANY', 11, 3916333);
INSERT INTO `hfri`.`organisations` (`organisation_id`, `acronym`, `name`, `type`, `address_id`, `budget`) VALUES (23, 'LPH', 'Los Pollos Hermanos', 'COMPANY', 21, 9999999);
INSERT INTO `hfri`.`organisations` (`organisation_id`, `acronym`, `name`, `type`, `address_id`, `budget`) VALUES (24, 'KUTCH', 'Kutch Inc', 'RESEARCH_CENTER', 79, 3930042);
INSERT INTO `hfri`.`organisations` (`organisation_id`, `acronym`, `name`, `type`, `address_id`, `budget`) VALUES (25, 'A&S', 'Auer and Sons', 'COLLEGE', 48, 4718590);
INSERT INTO `hfri`.`organisations` (`organisation_id`, `acronym`, `name`, `type`, `address_id`, `budget`) VALUES (26, 'KAUTZ', 'Kautzer Group', 'COMPANY', 20, 7519260);
INSERT INTO `hfri`.`organisations` (`organisation_id`, `acronym`, `name`, `type`, `address_id`, `budget`) VALUES (27, 'GREEN', 'Green LLC', 'COMPANY', 60, 1640682);
INSERT INTO `hfri`.`organisations` (`organisation_id`, `acronym`, `name`, `type`, `address_id`, `budget`) VALUES (28, 'SR', 'Stark-Rowe', 'COLLEGE', 12, 8190141);
INSERT INTO `hfri`.`organisations` (`organisation_id`, `acronym`, `name`, `type`, `address_id`, `budget`) VALUES (29, 'SS', 'Sauer-Sanford', 'COMPANY', 39, 769138);
INSERT INTO `hfri`.`organisations` (`organisation_id`, `acronym`, `name`, `type`, `address_id`, `budget`) VALUES (30, 'BAHRINGER', 'Bahringer Inc', 'RESEARCH_CENTER', 46, 4383028);
INSERT INTO `hfri`.`organisations` (`organisation_id`, `acronym`, `name`, `type`, `address_id`, `budget`) VALUES (31, 'FADEL', 'Fadel LLC', 'COMPANY', 19, 404018);
INSERT INTO `hfri`.`organisations` (`organisation_id`, `acronym`, `name`, `type`, `address_id`, `budget`) VALUES (32, 'UH', 'Ullrich-Howe', 'COMPANY', 61, 7149687);
INSERT INTO `hfri`.`organisations` (`organisation_id`, `acronym`, `name`, `type`, `address_id`, `budget`) VALUES (33, 'KP', 'Keebler-Price', 'RESEARCH_CENTER', 62, 451294);
INSERT INTO `hfri`.`organisations` (`organisation_id`, `acronym`, `name`, `type`, `address_id`, `budget`) VALUES (34, 'S&S', 'Senger and Sons', 'RESEARCH_CENTER', 63, 2129714);
INSERT INTO `hfri`.`organisations` (`organisation_id`, `acronym`, `name`, `type`, `address_id`, `budget`) VALUES (35, 'EBERT', 'Ebert PLC', 'COMPANY', 32, 4182471);
INSERT INTO `hfri`.`organisations` (`organisation_id`, `acronym`, `name`, `type`, `address_id`, `budget`) VALUES (36, 'HS', 'Hoppe-Senger', 'RESEARCH_CENTER', 75, 9727219);
INSERT INTO `hfri`.`organisations` (`organisation_id`, `acronym`, `name`, `type`, `address_id`, `budget`) VALUES (37, 'GRS', 'Goodwin, Reynolds and Schmitt', 'COLLEGE', 12, 416024);
INSERT INTO `hfri`.`organisations` (`organisation_id`, `acronym`, `name`, `type`, `address_id`, `budget`) VALUES (38, 'KOVACEK', 'Kovacek Ltd', 'COMPANY', 13, 2548471);
INSERT INTO `hfri`.`organisations` (`organisation_id`, `acronym`, `name`, `type`, `address_id`, `budget`) VALUES (39, 'FRIESEN', 'Friesen Ltd', 'COMPANY', 72, 4807130);
INSERT INTO `hfri`.`organisations` (`organisation_id`, `acronym`, `name`, `type`, `address_id`, `budget`) VALUES (40, 'HM', 'Hodkiewicz-Mitchell', 'RESEARCH_CENTER', 71, 4620764);

INSERT INTO `hfri`.`executives` (`executive_id`, `name`) VALUES (5, 'Adriana White');
INSERT INTO `hfri`.`executives` (`executive_id`, `name`) VALUES (12, 'Aiden Wintheiser DDS');
INSERT INTO `hfri`.`executives` (`executive_id`, `name`) VALUES (41, 'Alan Dickens');
INSERT INTO `hfri`.`executives` (`executive_id`, `name`) VALUES (38, 'Alexandria Harber');
INSERT INTO `hfri`.`executives` (`executive_id`, `name`) VALUES (25, 'Aliyah Balistreri II');
INSERT INTO `hfri`.`executives` (`executive_id`, `name`) VALUES (46, 'Ansel Sanford');
INSERT INTO `hfri`.`executives` (`executive_id`, `name`) VALUES (17, 'Austin Gerlach');
INSERT INTO `hfri`.`executives` (`executive_id`, `name`) VALUES (1, 'Bill Green DVM');
INSERT INTO `hfri`.`executives` (`executive_id`, `name`) VALUES (7, 'Brad Prosacco');
INSERT INTO `hfri`.`executives` (`executive_id`, `name`) VALUES (32, 'Celestine Reichel PhD');
INSERT INTO `hfri`.`executives` (`executive_id`, `name`) VALUES (14, 'Clark Medhurst V');
INSERT INTO `hfri`.`executives` (`executive_id`, `name`) VALUES (16, 'Dean Reynolds');
INSERT INTO `hfri`.`executives` (`executive_id`, `name`) VALUES (10, 'Dedrick Herzog');
INSERT INTO `hfri`.`executives` (`executive_id`, `name`) VALUES (22, 'Diana Corwin');
INSERT INTO `hfri`.`executives` (`executive_id`, `name`) VALUES (44, 'Dr. Johnnie Rath II');
INSERT INTO `hfri`.`executives` (`executive_id`, `name`) VALUES (34, 'Dr. Melyssa McGlynn');
INSERT INTO `hfri`.`executives` (`executive_id`, `name`) VALUES (21, 'Duncan Okuneva');
INSERT INTO `hfri`.`executives` (`executive_id`, `name`) VALUES (2, 'Federico Franecki');
INSERT INTO `hfri`.`executives` (`executive_id`, `name`) VALUES (39, 'Fiona Kessler II');
INSERT INTO `hfri`.`executives` (`executive_id`, `name`) VALUES (4, 'Harmony Robel');
INSERT INTO `hfri`.`executives` (`executive_id`, `name`) VALUES (26, 'Harold McClure');
INSERT INTO `hfri`.`executives` (`executive_id`, `name`) VALUES (3, 'Jaydon Spinka');
INSERT INTO `hfri`.`executives` (`executive_id`, `name`) VALUES (28, 'Junior Kihn');
INSERT INTO `hfri`.`executives` (`executive_id`, `name`) VALUES (45, 'Justice Hills');
INSERT INTO `hfri`.`executives` (`executive_id`, `name`) VALUES (13, 'Lauren Kemmer');
INSERT INTO `hfri`.`executives` (`executive_id`, `name`) VALUES (24, 'Lilian Doyle');
INSERT INTO `hfri`.`executives` (`executive_id`, `name`) VALUES (30, 'Lorena Morissette');
INSERT INTO `hfri`.`executives` (`executive_id`, `name`) VALUES (23, 'Mabelle Pagac');
INSERT INTO `hfri`.`executives` (`executive_id`, `name`) VALUES (19, 'Magnolia Gulgowski');
INSERT INTO `hfri`.`executives` (`executive_id`, `name`) VALUES (11, 'Mckenzie Durgan');
INSERT INTO `hfri`.`executives` (`executive_id`, `name`) VALUES (6, 'Miss Aletha Swift');
INSERT INTO `hfri`.`executives` (`executive_id`, `name`) VALUES (27, 'Mrs. Ozella Lubowitz II');
INSERT INTO `hfri`.`executives` (`executive_id`, `name`) VALUES (40, 'Mrs. Rebeca Kihn');
INSERT INTO `hfri`.`executives` (`executive_id`, `name`) VALUES (36, 'Ms. Lindsay Bins');
INSERT INTO `hfri`.`executives` (`executive_id`, `name`) VALUES (49, 'Ms. Sienna Jerde');
INSERT INTO `hfri`.`executives` (`executive_id`, `name`) VALUES (35, 'Ms. Zetta Rath');
INSERT INTO `hfri`.`executives` (`executive_id`, `name`) VALUES (50, 'Norval Schultz');
INSERT INTO `hfri`.`executives` (`executive_id`, `name`) VALUES (43, 'Prof. Antonina Bernier');
INSERT INTO `hfri`.`executives` (`executive_id`, `name`) VALUES (29, 'Prof. Cordie Carroll');
INSERT INTO `hfri`.`executives` (`executive_id`, `name`) VALUES (8, 'Prof. Hank Gleichner V');
INSERT INTO `hfri`.`executives` (`executive_id`, `name`) VALUES (37, 'Prof. Jalon Hamill PhD');
INSERT INTO `hfri`.`executives` (`executive_id`, `name`) VALUES (31, 'Prof. Jedidiah Haley');
INSERT INTO `hfri`.`executives` (`executive_id`, `name`) VALUES (9, 'Prof. Mohammad Schmeler');
INSERT INTO `hfri`.`executives` (`executive_id`, `name`) VALUES (42, 'Prof. Weldon Koch');
INSERT INTO `hfri`.`executives` (`executive_id`, `name`) VALUES (48, 'Quinn Cronin');
INSERT INTO `hfri`.`executives` (`executive_id`, `name`) VALUES (47, 'Reynold Fisher');
INSERT INTO `hfri`.`executives` (`executive_id`, `name`) VALUES (15, 'Torey Lesch');
INSERT INTO `hfri`.`executives` (`executive_id`, `name`) VALUES (20, 'Van Monahan');
INSERT INTO `hfri`.`executives` (`executive_id`, `name`) VALUES (33, 'Verdie Treutel');
INSERT INTO `hfri`.`executives` (`executive_id`, `name`) VALUES (18, 'Zella Rutherford PhD');

INSERT INTO `research_workers` (`research_worker_id`, `organisation_id`, `first_name`, `last_name`, `sex`, `age`, `birth_date`, `join_date`) VALUES (1, 22, 'Elbert', 'Fritsch', 'MALE', 42, '1980-12-27', '2018-05-26');
INSERT INTO `research_workers` (`research_worker_id`, `organisation_id`, `first_name`, `last_name`, `sex`, `age`, `birth_date`, `join_date`) VALUES (2, 9, 'Gabriella', 'Murray', 'FEMALE', 44, '1978-08-23', '2013-05-13');
INSERT INTO `research_workers` (`research_worker_id`, `organisation_id`, `first_name`, `last_name`, `sex`, `age`, `birth_date`, `join_date`) VALUES (3, 29, 'Missouri', 'Williamson', 'FEMALE', 47, '1975-04-02', '2018-11-12');
INSERT INTO `research_workers` (`research_worker_id`, `organisation_id`, `first_name`, `last_name`, `sex`, `age`, `birth_date`, `join_date`) VALUES (4, 38, 'Mable', 'Waters', 'FEMALE', 24, '1998-07-28', '2019-02-22');
INSERT INTO `research_workers` (`research_worker_id`, `organisation_id`, `first_name`, `last_name`, `sex`, `age`, `birth_date`, `join_date`) VALUES (5, 13, 'Arielle', 'Abernathy', 'FEMALE', 27, '1995-05-17', '2013-07-11');
INSERT INTO `research_workers` (`research_worker_id`, `organisation_id`, `first_name`, `last_name`, `sex`, `age`, `birth_date`, `join_date`) VALUES (6, 1, 'Rhiannon', 'Prohaska', 'FEMALE', 38, '1984-06-09', '2018-09-02');
INSERT INTO `research_workers` (`research_worker_id`, `organisation_id`, `first_name`, `last_name`, `sex`, `age`, `birth_date`, `join_date`) VALUES (7, 1, 'Forrest', 'McClure', 'MALE', 48, '1974-03-13', '2018-03-26');
INSERT INTO `research_workers` (`research_worker_id`, `organisation_id`, `first_name`, `last_name`, `sex`, `age`, `birth_date`, `join_date`) VALUES (8, 7, 'Madeline', 'Lindgren', 'FEMALE', 52, '1970-11-03', '2016-08-16');
INSERT INTO `research_workers` (`research_worker_id`, `organisation_id`, `first_name`, `last_name`, `sex`, `age`, `birth_date`, `join_date`) VALUES (9, 19, 'Mario', 'Schulist', 'MALE', 40, '1982-07-02', '2021-02-01');
INSERT INTO `research_workers` (`research_worker_id`, `organisation_id`, `first_name`, `last_name`, `sex`, `age`, `birth_date`, `join_date`) VALUES (10, 19, 'Jerome', 'Pouros', 'MALE', 47, '1975-08-25', '2021-08-23');
INSERT INTO `research_workers` (`research_worker_id`, `organisation_id`, `first_name`, `last_name`, `sex`, `age`, `birth_date`, `join_date`) VALUES (11, 12, 'Ervin', 'Jast', 'MALE', 22, '2000-04-24', '2017-05-26');
INSERT INTO `research_workers` (`research_worker_id`, `organisation_id`, `first_name`, `last_name`, `sex`, `age`, `birth_date`, `join_date`) VALUES (12, 25, 'Norberto', 'Corwin', 'MALE', 23, '1999-04-14', '2019-08-03');
INSERT INTO `research_workers` (`research_worker_id`, `organisation_id`, `first_name`, `last_name`, `sex`, `age`, `birth_date`, `join_date`) VALUES (13, 29, 'Giles', 'Feeney', 'MALE', 35, '1987-06-02', '2018-03-31');
INSERT INTO `research_workers` (`research_worker_id`, `organisation_id`, `first_name`, `last_name`, `sex`, `age`, `birth_date`, `join_date`) VALUES (14, 2, 'Colin', 'Ritchie', 'MALE', 37, '1985-11-01', '2021-08-16');
INSERT INTO `research_workers` (`research_worker_id`, `organisation_id`, `first_name`, `last_name`, `sex`, `age`, `birth_date`, `join_date`) VALUES (15, 11, 'Zackery', 'Murray', 'MALE', 54, '1968-10-29', '2021-09-25');
INSERT INTO `research_workers` (`research_worker_id`, `organisation_id`, `first_name`, `last_name`, `sex`, `age`, `birth_date`, `join_date`) VALUES (16, 39, 'Pietro', 'Kunze', 'MALE', 60, '1962-08-07', '2017-01-17');
INSERT INTO `research_workers` (`research_worker_id`, `organisation_id`, `first_name`, `last_name`, `sex`, `age`, `birth_date`, `join_date`) VALUES (17, 31, 'Riley', 'Jast', 'MALE', 51, '1971-09-14', '2018-11-14');
INSERT INTO `research_workers` (`research_worker_id`, `organisation_id`, `first_name`, `last_name`, `sex`, `age`, `birth_date`, `join_date`) VALUES (18, 8, 'Randy', 'Huels', 'MALE', 41, '1981-07-08', '2021-08-09');
INSERT INTO `research_workers` (`research_worker_id`, `organisation_id`, `first_name`, `last_name`, `sex`, `age`, `birth_date`, `join_date`) VALUES (19, 11, 'Moses', 'Lueilwitz', 'MALE', 50, '1972-03-06', '2014-12-21');
INSERT INTO `research_workers` (`research_worker_id`, `organisation_id`, `first_name`, `last_name`, `sex`, `age`, `birth_date`, `join_date`) VALUES (20, 8, 'Caden', 'Weimann', 'MALE', 60, '1962-10-15', '2021-03-18');
INSERT INTO `research_workers` (`research_worker_id`, `organisation_id`, `first_name`, `last_name`, `sex`, `age`, `birth_date`, `join_date`) VALUES (21, 8, 'Eldon', 'Rippin', 'MALE', 57, '1965-06-14', '2017-04-11');
INSERT INTO `research_workers` (`research_worker_id`, `organisation_id`, `first_name`, `last_name`, `sex`, `age`, `birth_date`, `join_date`) VALUES (22, 15, 'Noemy', 'Berge', 'MALE', 62, '1960-01-11', '2018-11-09');
INSERT INTO `research_workers` (`research_worker_id`, `organisation_id`, `first_name`, `last_name`, `sex`, `age`, `birth_date`, `join_date`) VALUES (23, 38, 'Lenore', 'Purdy', 'MALE', 48, '1974-05-11', '2014-05-16');
INSERT INTO `research_workers` (`research_worker_id`, `organisation_id`, `first_name`, `last_name`, `sex`, `age`, `birth_date`, `join_date`) VALUES (24, 17, 'Oscar', 'Hoppe', 'MALE', 60, '1962-06-28', '2016-04-10');
INSERT INTO `research_workers` (`research_worker_id`, `organisation_id`, `first_name`, `last_name`, `sex`, `age`, `birth_date`, `join_date`) VALUES (25, 39, 'Brenna', 'VonRueden', 'FEMALE', 28, '1994-05-25', '2020-07-17');
INSERT INTO `research_workers` (`research_worker_id`, `organisation_id`, `first_name`, `last_name`, `sex`, `age`, `birth_date`, `join_date`) VALUES (26, 17, 'Caleb', 'D\'Amore', 'MALE', 30, '1992-09-14', '2015-06-27');
INSERT INTO `research_workers` (`research_worker_id`, `organisation_id`, `first_name`, `last_name`, `sex`, `age`, `birth_date`, `join_date`) VALUES (27, 38, 'Sallie', 'Rowe', 'FEMALE', 33, '1989-11-22', '2021-08-22');
INSERT INTO `research_workers` (`research_worker_id`, `organisation_id`, `first_name`, `last_name`, `sex`, `age`, `birth_date`, `join_date`) VALUES (28, 19, 'Elizabeth', 'Powlowski', 'FEMALE', 23, '1999-01-31', '2017-12-02');
INSERT INTO `research_workers` (`research_worker_id`, `organisation_id`, `first_name`, `last_name`, `sex`, `age`, `birth_date`, `join_date`) VALUES (29, 29, 'Adam', 'Hudson', 'MALE', 38, '1984-02-22', '2015-06-14');
INSERT INTO `research_workers` (`research_worker_id`, `organisation_id`, `first_name`, `last_name`, `sex`, `age`, `birth_date`, `join_date`) VALUES (30, 32, 'Gaylord', 'Jaskolski', 'MALE', 52, '1970-01-25', '2019-12-25');
INSERT INTO `research_workers` (`research_worker_id`, `organisation_id`, `first_name`, `last_name`, `sex`, `age`, `birth_date`, `join_date`) VALUES (31, 7, 'Maybell', 'Leuschke', 'FEMALE', 62, '1960-11-26', '2019-12-31');
INSERT INTO `research_workers` (`research_worker_id`, `organisation_id`, `first_name`, `last_name`, `sex`, `age`, `birth_date`, `join_date`) VALUES (32, 10, 'Janice', 'Fay', 'FEMALE', 50, '1972-11-24', '2014-06-04');
INSERT INTO `research_workers` (`research_worker_id`, `organisation_id`, `first_name`, `last_name`, `sex`, `age`, `birth_date`, `join_date`) VALUES (33, 40, 'Katrina', 'Homenick', 'FEMALE', 32, '1990-12-07', '2019-08-05');
INSERT INTO `research_workers` (`research_worker_id`, `organisation_id`, `first_name`, `last_name`, `sex`, `age`, `birth_date`, `join_date`) VALUES (34, 36, 'Mara', 'Raynor', 'FEMALE', 50, '1972-12-08', '2016-02-17');
INSERT INTO `research_workers` (`research_worker_id`, `organisation_id`, `first_name`, `last_name`, `sex`, `age`, `birth_date`, `join_date`) VALUES (35, 7, 'Brennan', 'Greenholt', 'MALE', 38, '1984-09-11', '2015-12-01');
INSERT INTO `research_workers` (`research_worker_id`, `organisation_id`, `first_name`, `last_name`, `sex`, `age`, `birth_date`, `join_date`) VALUES (36, 13, 'Carmel', 'Veum', 'MALE', 35, '1987-08-01', '2014-07-22');
INSERT INTO `research_workers` (`research_worker_id`, `organisation_id`, `first_name`, `last_name`, `sex`, `age`, `birth_date`, `join_date`) VALUES (37, 37, 'June', 'O\'Kon', 'FEMALE', 58, '1964-08-27', '2019-10-01');
INSERT INTO `research_workers` (`research_worker_id`, `organisation_id`, `first_name`, `last_name`, `sex`, `age`, `birth_date`, `join_date`) VALUES (38, 8, 'Humberto', 'Hagenes', 'MALE', 34, '1988-12-17', '2016-04-20');
INSERT INTO `research_workers` (`research_worker_id`, `organisation_id`, `first_name`, `last_name`, `sex`, `age`, `birth_date`, `join_date`) VALUES (39, 19, 'Suzanne', 'Nicolas', 'FEMALE', 51, '1971-02-17', '2013-10-08');
INSERT INTO `research_workers` (`research_worker_id`, `organisation_id`, `first_name`, `last_name`, `sex`, `age`, `birth_date`, `join_date`) VALUES (40, 15, 'Sim', 'Reynolds', 'MALE', 57, '1965-09-01', '2018-08-22');
INSERT INTO `research_workers` (`research_worker_id`, `organisation_id`, `first_name`, `last_name`, `sex`, `age`, `birth_date`, `join_date`) VALUES (41, 27, 'Janick', 'Aufderhar', 'MALE', 30, '1992-02-24', '2017-07-11');
INSERT INTO `research_workers` (`research_worker_id`, `organisation_id`, `first_name`, `last_name`, `sex`, `age`, `birth_date`, `join_date`) VALUES (42, 30, 'Ewald', 'Leuschke', 'MALE', 39, '1983-11-19', '2015-01-11');
INSERT INTO `research_workers` (`research_worker_id`, `organisation_id`, `first_name`, `last_name`, `sex`, `age`, `birth_date`, `join_date`) VALUES (43, 39, 'Forrest', 'McGlynn', 'MALE', 31, '1991-03-29', '2015-08-21');
INSERT INTO `research_workers` (`research_worker_id`, `organisation_id`, `first_name`, `last_name`, `sex`, `age`, `birth_date`, `join_date`) VALUES (44, 15, 'Laurine', 'Hilll', 'FEMALE', 59, '1963-05-05', '2021-08-31');
INSERT INTO `research_workers` (`research_worker_id`, `organisation_id`, `first_name`, `last_name`, `sex`, `age`, `birth_date`, `join_date`) VALUES (45, 32, 'Carrie', 'Raynor', 'FEMALE', 40, '1982-09-27', '2020-08-12');
INSERT INTO `research_workers` (`research_worker_id`, `organisation_id`, `first_name`, `last_name`, `sex`, `age`, `birth_date`, `join_date`) VALUES (46, 10, 'Gaston', 'Schimmel', 'MALE', 29, '1993-05-02', '2016-11-03');
INSERT INTO `research_workers` (`research_worker_id`, `organisation_id`, `first_name`, `last_name`, `sex`, `age`, `birth_date`, `join_date`) VALUES (47, 14, 'Savion', 'Littel', 'MALE', 26, '1996-03-21', '2021-09-03');
INSERT INTO `research_workers` (`research_worker_id`, `organisation_id`, `first_name`, `last_name`, `sex`, `age`, `birth_date`, `join_date`) VALUES (48, 22, 'Alize', 'Gleason', 'FEMALE', 33, '1989-11-05', '2018-03-19');
INSERT INTO `research_workers` (`research_worker_id`, `organisation_id`, `first_name`, `last_name`, `sex`, `age`, `birth_date`, `join_date`) VALUES (49, 18, 'Desiree', 'Hoppe', 'FEMALE', 58, '1964-06-27', '2017-11-24');
INSERT INTO `research_workers` (`research_worker_id`, `organisation_id`, `first_name`, `last_name`, `sex`, `age`, `birth_date`, `join_date`) VALUES (50, 25, 'Asha', 'Abernathy', 'FEMALE', 58, '1964-12-28', '2015-03-15');
INSERT INTO `research_workers` (`research_worker_id`, `organisation_id`, `first_name`, `last_name`, `sex`, `age`, `birth_date`, `join_date`) VALUES (51, 30, 'Una', 'Marquardt', 'FEMALE', 41, '1981-09-26', '2017-03-25');
INSERT INTO `research_workers` (`research_worker_id`, `organisation_id`, `first_name`, `last_name`, `sex`, `age`, `birth_date`, `join_date`) VALUES (52, 25, 'Davonte', 'Zemlak', 'MALE', 44, '1978-06-02', '2019-08-21');
INSERT INTO `research_workers` (`research_worker_id`, `organisation_id`, `first_name`, `last_name`, `sex`, `age`, `birth_date`, `join_date`) VALUES (53, 40, 'Diamond', 'Moen', 'MALE', 50, '1972-10-07', '2016-12-16');
INSERT INTO `research_workers` (`research_worker_id`, `organisation_id`, `first_name`, `last_name`, `sex`, `age`, `birth_date`, `join_date`) VALUES (54, 27, 'Demetris', 'Robel', 'MALE', 32, '1990-12-11', '2017-02-28');
INSERT INTO `research_workers` (`research_worker_id`, `organisation_id`, `first_name`, `last_name`, `sex`, `age`, `birth_date`, `join_date`) VALUES (55, 2, 'Garland', 'Satterfield', 'MALE', 35, '1987-01-23', '2021-04-18');
INSERT INTO `research_workers` (`research_worker_id`, `organisation_id`, `first_name`, `last_name`, `sex`, `age`, `birth_date`, `join_date`) VALUES (56, 38, 'Julia', 'Glover', 'FEMALE', 25, '1997-01-31', '2017-10-23');
INSERT INTO `research_workers` (`research_worker_id`, `organisation_id`, `first_name`, `last_name`, `sex`, `age`, `birth_date`, `join_date`) VALUES (57, 3, 'Gia', 'Mayert', 'FEMALE', 29, '1993-05-08', '2014-04-17');
INSERT INTO `research_workers` (`research_worker_id`, `organisation_id`, `first_name`, `last_name`, `sex`, `age`, `birth_date`, `join_date`) VALUES (58, 39, 'Marjolaine', 'VonRueden', 'FEMALE', 30, '1992-04-16', '2020-02-24');
INSERT INTO `research_workers` (`research_worker_id`, `organisation_id`, `first_name`, `last_name`, `sex`, `age`, `birth_date`, `join_date`) VALUES (59, 17, 'Clarabelle', 'Abernathy', 'FEMALE', 31, '1991-06-23', '2016-03-14');
INSERT INTO `research_workers` (`research_worker_id`, `organisation_id`, `first_name`, `last_name`, `sex`, `age`, `birth_date`, `join_date`) VALUES (60, 31, 'Jett', 'Douglas', 'FEMALE', 39, '1983-09-29', '2021-08-19');
INSERT INTO `research_workers` (`research_worker_id`, `organisation_id`, `first_name`, `last_name`, `sex`, `age`, `birth_date`, `join_date`) VALUES (61, 30, 'Zola', 'Batz', 'FEMALE', 22, '2000-12-06', '2020-07-03');
INSERT INTO `research_workers` (`research_worker_id`, `organisation_id`, `first_name`, `last_name`, `sex`, `age`, `birth_date`, `join_date`) VALUES (62, 23, 'Mike', 'Ehrmantraut', 'MALE', 78, '1944-05-20', '2000-01-03');
INSERT INTO `research_workers` (`research_worker_id`, `organisation_id`, `first_name`, `last_name`, `sex`, `age`, `birth_date`, `join_date`) VALUES (63, 40, 'Bobbie', 'Haley', 'MALE', 27, '1995-04-16', '2012-08-01');
INSERT INTO `research_workers` (`research_worker_id`, `organisation_id`, `first_name`, `last_name`, `sex`, `age`, `birth_date`, `join_date`) VALUES (64, 30, 'Hillard', 'Roob', 'FEMALE', 56, '1966-08-29', '2022-04-21');
INSERT INTO `research_workers` (`research_worker_id`, `organisation_id`, `first_name`, `last_name`, `sex`, `age`, `birth_date`, `join_date`) VALUES (65, 18, 'Mekhi', 'O\'Reilly', 'MALE', 26, '1996-03-15', '2014-09-21');
INSERT INTO `research_workers` (`research_worker_id`, `organisation_id`, `first_name`, `last_name`, `sex`, `age`, `birth_date`, `join_date`) VALUES (66, 7, 'Torrey', 'Gutkowski', 'MALE', 23, '1999-08-05', '2013-09-20');
INSERT INTO `research_workers` (`research_worker_id`, `organisation_id`, `first_name`, `last_name`, `sex`, `age`, `birth_date`, `join_date`) VALUES (67, 2, 'Ona', 'Effertz', 'FEMALE', 42, '1980-02-16', '2014-09-24');
INSERT INTO `research_workers` (`research_worker_id`, `organisation_id`, `first_name`, `last_name`, `sex`, `age`, `birth_date`, `join_date`) VALUES (68, 14, 'Reggie', 'Donnelly', 'MALE', 25, '1997-06-26', '2020-06-17');
INSERT INTO `research_workers` (`research_worker_id`, `organisation_id`, `first_name`, `last_name`, `sex`, `age`, `birth_date`, `join_date`) VALUES (69, 15, 'Chaim', 'Breitenberg', 'MALE', 39, '1983-10-27', '2021-06-11');
INSERT INTO `research_workers` (`research_worker_id`, `organisation_id`, `first_name`, `last_name`, `sex`, `age`, `birth_date`, `join_date`) VALUES (70, 21, 'Erwin', 'Stiedemann', 'MALE', 46, '1976-04-04', '2015-02-02');
INSERT INTO `research_workers` (`research_worker_id`, `organisation_id`, `first_name`, `last_name`, `sex`, `age`, `birth_date`, `join_date`) VALUES (71, 29, 'Renee', 'Veum', 'FEMALE', 25, '1997-09-23', '2012-08-06');
INSERT INTO `research_workers` (`research_worker_id`, `organisation_id`, `first_name`, `last_name`, `sex`, `age`, `birth_date`, `join_date`) VALUES (72, 1, 'General', 'Schmidt', 'MALE', 43, '1979-02-14', '2013-04-08');
INSERT INTO `research_workers` (`research_worker_id`, `organisation_id`, `first_name`, `last_name`, `sex`, `age`, `birth_date`, `join_date`) VALUES (73, 11, 'Wilson', 'McDermott', 'MALE', 37, '1985-10-08', '2017-03-07');
INSERT INTO `research_workers` (`research_worker_id`, `organisation_id`, `first_name`, `last_name`, `sex`, `age`, `birth_date`, `join_date`) VALUES (74, 27, 'Asia', 'Windler', 'FEMALE', 32, '1990-08-02', '2018-10-23');
INSERT INTO `research_workers` (`research_worker_id`, `organisation_id`, `first_name`, `last_name`, `sex`, `age`, `birth_date`, `join_date`) VALUES (75, 16, 'Haven', 'Kirlin', 'FEMALE', 24, '1998-09-09', '2015-04-28');
INSERT INTO `research_workers` (`research_worker_id`, `organisation_id`, `first_name`, `last_name`, `sex`, `age`, `birth_date`, `join_date`) VALUES (76, 3, 'Moshe', 'Turcotte', 'MALE', 47, '1975-12-08', '2014-09-23');
INSERT INTO `research_workers` (`research_worker_id`, `organisation_id`, `first_name`, `last_name`, `sex`, `age`, `birth_date`, `join_date`) VALUES (77, 37, 'Priscilla', 'Larkin', 'FEMALE', 23, '1999-07-16', '2012-08-26');
INSERT INTO `research_workers` (`research_worker_id`, `organisation_id`, `first_name`, `last_name`, `sex`, `age`, `birth_date`, `join_date`) VALUES (78, 30, 'Madeline', 'Mosciski', 'FEMALE', 50, '1972-07-04', '2017-04-18');
INSERT INTO `research_workers` (`research_worker_id`, `organisation_id`, `first_name`, `last_name`, `sex`, `age`, `birth_date`, `join_date`) VALUES (79, 25, 'Korbin', 'Farrell', 'MALE', 36, '1986-11-18', '2014-11-25');
INSERT INTO `research_workers` (`research_worker_id`, `organisation_id`, `first_name`, `last_name`, `sex`, `age`, `birth_date`, `join_date`) VALUES (80, 14, 'Stephen', 'Cartwright', 'MALE', 29, '1993-01-07', '2022-01-27');
INSERT INTO `research_workers` (`research_worker_id`, `organisation_id`, `first_name`, `last_name`, `sex`, `age`, `birth_date`, `join_date`) VALUES (81, 14, 'Dolly', 'Ondricka', 'FEMALE', 47, '1975-06-09', '2014-04-04');
INSERT INTO `research_workers` (`research_worker_id`, `organisation_id`, `first_name`, `last_name`, `sex`, `age`, `birth_date`, `join_date`) VALUES (82, 14, 'Olga', 'Kautzer', 'MALE', 44, '1978-10-26', '2018-08-21');
INSERT INTO `research_workers` (`research_worker_id`, `organisation_id`, `first_name`, `last_name`, `sex`, `age`, `birth_date`, `join_date`) VALUES (83, 39, 'Ardella', 'Klein', 'FEMALE', 32, '1990-01-02', '2022-02-22');
INSERT INTO `research_workers` (`research_worker_id`, `organisation_id`, `first_name`, `last_name`, `sex`, `age`, `birth_date`, `join_date`) VALUES (84, 13, 'Abdul', 'Flatley', 'MALE', 58, '1964-05-13', '2019-01-23');
INSERT INTO `research_workers` (`research_worker_id`, `organisation_id`, `first_name`, `last_name`, `sex`, `age`, `birth_date`, `join_date`) VALUES (85, 40, 'Carmel', 'Grady', 'FEMALE', 47, '1975-09-22', '2014-04-20');
INSERT INTO `research_workers` (`research_worker_id`, `organisation_id`, `first_name`, `last_name`, `sex`, `age`, `birth_date`, `join_date`) VALUES (86, 40, 'Tremaine', 'Prosacco', 'FEMALE', 36, '1986-09-21', '2015-07-22');
INSERT INTO `research_workers` (`research_worker_id`, `organisation_id`, `first_name`, `last_name`, `sex`, `age`, `birth_date`, `join_date`) VALUES (87, 10, 'Crystal', 'Fisher', 'FEMALE', 42, '1980-02-10', '2019-10-05');
INSERT INTO `research_workers` (`research_worker_id`, `organisation_id`, `first_name`, `last_name`, `sex`, `age`, `birth_date`, `join_date`) VALUES (88, 2, 'Ismael', 'Roob', 'MALE', 59, '1963-04-13', '2021-06-24');
INSERT INTO `research_workers` (`research_worker_id`, `organisation_id`, `first_name`, `last_name`, `sex`, `age`, `birth_date`, `join_date`) VALUES (89, 38, 'Mateo', 'Hermann', 'MALE', 57, '1965-10-30', '2019-05-12');
INSERT INTO `research_workers` (`research_worker_id`, `organisation_id`, `first_name`, `last_name`, `sex`, `age`, `birth_date`, `join_date`) VALUES (90, 27, 'Neil', 'McCullough', 'MALE', 33, '1989-08-06', '2021-09-03');
INSERT INTO `research_workers` (`research_worker_id`, `organisation_id`, `first_name`, `last_name`, `sex`, `age`, `birth_date`, `join_date`) VALUES (91, 33, 'Meredith', 'Hartmann', 'FEMALE', 39, '1983-06-03', '2019-12-20');
INSERT INTO `research_workers` (`research_worker_id`, `organisation_id`, `first_name`, `last_name`, `sex`, `age`, `birth_date`, `join_date`) VALUES (92, 28, 'Randall', 'Feil', 'MALE', 30, '1992-04-23', '2019-01-10');
INSERT INTO `research_workers` (`research_worker_id`, `organisation_id`, `first_name`, `last_name`, `sex`, `age`, `birth_date`, `join_date`) VALUES (93, 9, 'Catherine', 'Emmerich', 'FEMALE', 44, '1978-07-12', '2018-01-14');
INSERT INTO `research_workers` (`research_worker_id`, `organisation_id`, `first_name`, `last_name`, `sex`, `age`, `birth_date`, `join_date`) VALUES (94, 32, 'Melody', 'Kuvalis', 'FEMALE', 39, '1983-04-23', '2021-08-09');
INSERT INTO `research_workers` (`research_worker_id`, `organisation_id`, `first_name`, `last_name`, `sex`, `age`, `birth_date`, `join_date`) VALUES (95, 17, 'Davonte', 'Sipes', 'MALE', 46, '1976-05-10', '2017-10-05');
INSERT INTO `research_workers` (`research_worker_id`, `organisation_id`, `first_name`, `last_name`, `sex`, `age`, `birth_date`, `join_date`) VALUES (96, 26, 'Aidan', 'Franecki', 'MALE', 41, '1981-09-19', '2013-01-14');
INSERT INTO `research_workers` (`research_worker_id`, `organisation_id`, `first_name`, `last_name`, `sex`, `age`, `birth_date`, `join_date`) VALUES (97, 39, 'Jasen', 'Wisozk', 'MALE', 59, '1963-02-11', '2014-03-19');
INSERT INTO `research_workers` (`research_worker_id`, `organisation_id`, `first_name`, `last_name`, `sex`, `age`, `birth_date`, `join_date`) VALUES (98, 19, 'Jazmin', 'Langosh', 'FEMALE', 26, '1996-01-17', '2015-03-17');
INSERT INTO `research_workers` (`research_worker_id`, `organisation_id`, `first_name`, `last_name`, `sex`, `age`, `birth_date`, `join_date`) VALUES (99, 40, 'Murphy', 'Hegmann', 'MALE', 45, '1977-11-21', '2021-07-03');
INSERT INTO `research_workers` (`research_worker_id`, `organisation_id`, `first_name`, `last_name`, `sex`, `age`, `birth_date`, `join_date`) VALUES (100, 13, 'Rosanna', 'Baumbach', 'FEMALE', 34, '1988-02-14', '2016-05-24');

INSERT INTO `hfri`.`projects` (`project_id`, `title`, `description`, `start_date`, `finish_date`, `organisation_id`, `executive_id`, `supervisor_id`) VALUES (1, 'facilitate user-centric systems', 'User-centric demand-driven systemengine', '2018-01-10', '2020-12-19', 38, 1, 1);
INSERT INTO `hfri`.`projects` (`project_id`, `title`, `description`, `start_date`, `finish_date`, `organisation_id`, `executive_id`, `supervisor_id`) VALUES (2, 'brand turn-key e-services', 'Secured analyzing architecture', '2013-01-16', '2016-12-12', 20, 2, 40);
INSERT INTO `hfri`.`projects` (`project_id`, `title`, `description`, `start_date`, `finish_date`, `organisation_id`, `executive_id`, `supervisor_id`) VALUES (3, 'enhance bricks-and-clicks e-business', 'Re-engineered asynchronous utilisation', '2012-10-11', '2015-03-11', 40, 3, 58);
INSERT INTO `hfri`.`projects` (`project_id`, `title`, `description`, `start_date`, `finish_date`, `organisation_id`, `executive_id`, `supervisor_id`) VALUES (4, 'incentivize extensible vortals', 'Optimized background infrastructure', '2018-07-13', '2019-08-05', 20, 4, 37);
INSERT INTO `hfri`.`projects` (`project_id`, `title`, `description`, `start_date`, `finish_date`, `organisation_id`, `executive_id`, `supervisor_id`) VALUES (5, 'envisioneer scalable networks', 'User-centric tangible strategy', '2021-06-17', '2022-07-30', 1, 5, 78);
INSERT INTO `hfri`.`projects` (`project_id`, `title`, `description`, `start_date`, `finish_date`, `organisation_id`, `executive_id`, `supervisor_id`) VALUES (6, 'revolutionize impactful eyeballs', 'Cross-group secondary application', '2017-02-06', '2019-09-27', 14, 6, 28);
INSERT INTO `hfri`.`projects` (`project_id`, `title`, `description`, `start_date`, `finish_date`, `organisation_id`, `executive_id`, `supervisor_id`) VALUES (7, 'extend seamless e-commerce', 'Ameliorated real-time moderator', '2019-09-29', '2023-03-29', 36, 7, 60);
INSERT INTO `hfri`.`projects` (`project_id`, `title`, `description`, `start_date`, `finish_date`, `organisation_id`, `executive_id`, `supervisor_id`) VALUES (8, 'whiteboard end-to-end experiences', 'Versatile optimizing matrices', '2020-09-27', '2022-12-30', 23, 8, 87);
INSERT INTO `hfri`.`projects` (`project_id`, `title`, `description`, `start_date`, `finish_date`, `organisation_id`, `executive_id`, `supervisor_id`) VALUES (9, 'matrix compelling systems', 'Balanced needs-based product', '2019-12-10', '2020-12-25', 8, 9, 38);
INSERT INTO `hfri`.`projects` (`project_id`, `title`, `description`, `start_date`, `finish_date`, `organisation_id`, `executive_id`, `supervisor_id`) VALUES (10, 'exploit cross-media mindshare', 'Future-proofed asynchronous leverage', '2021-12-11', '2023-08-04', 25, 10, 93);
INSERT INTO `hfri`.`projects` (`project_id`, `title`, `description`, `start_date`, `finish_date`, `organisation_id`, `executive_id`, `supervisor_id`) VALUES (11, 'brand scalable e-services', 'Customizable zerodefect circuit', '2020-03-19', '2024-05-18', 40, 11, 12);
INSERT INTO `hfri`.`projects` (`project_id`, `title`, `description`, `start_date`, `finish_date`, `organisation_id`, `executive_id`, `supervisor_id`) VALUES (12, 'incubate intuitive webservices', 'Digitized exuding attitude', '2021-05-12', '2023-06-29', 20, 12, 92);
INSERT INTO `hfri`.`projects` (`project_id`, `title`, `description`, `start_date`, `finish_date`, `organisation_id`, `executive_id`, `supervisor_id`) VALUES (13, 'unleash web-enabled ROI', 'Synergized multi-tasking array', '2018-10-05', '2021-07-06', 17, 13, 28);
INSERT INTO `hfri`.`projects` (`project_id`, `title`, `description`, `start_date`, `finish_date`, `organisation_id`, `executive_id`, `supervisor_id`) VALUES (14, 'iterate cross-media metrics', 'Reduced mobile approach', '2019-04-16', '2023-10-01', 23, 14, 25);
INSERT INTO `hfri`.`projects` (`project_id`, `title`, `description`, `start_date`, `finish_date`, `organisation_id`, `executive_id`, `supervisor_id`) VALUES (15, 'orchestrate robust vortals', 'Centralized tertiary interface', '2022-11-21', '2025-03-01', 31, 15, 25);
INSERT INTO `hfri`.`projects` (`project_id`, `title`, `description`, `start_date`, `finish_date`, `organisation_id`, `executive_id`, `supervisor_id`) VALUES (16, 'e-enable extensible e-services', 'Vision-oriented reciprocal projection', '2022-12-08', '2026-06-10', 24, 16, 70);
INSERT INTO `hfri`.`projects` (`project_id`, `title`, `description`, `start_date`, `finish_date`, `organisation_id`, `executive_id`, `supervisor_id`) VALUES (17, 'strategize B2C initiatives', 'Reverse-engineered asynchronous GraphicalUserInterface', '2015-03-15', '2018-05-02', 11, 17, 10);
INSERT INTO `hfri`.`projects` (`project_id`, `title`, `description`, `start_date`, `finish_date`, `organisation_id`, `executive_id`, `supervisor_id`) VALUES (18, 'engage leading-edge experiences', 'Right-sized uniform policy', '2017-10-24', '2020-11-20', 4, 18, 23);
INSERT INTO `hfri`.`projects` (`project_id`, `title`, `description`, `start_date`, `finish_date`, `organisation_id`, `executive_id`, `supervisor_id`) VALUES (19, 'cultivate plug-and-play interfaces', 'Open-source national support', '2018-08-20', '2019-09-29', 27, 19, 58);
INSERT INTO `hfri`.`projects` (`project_id`, `title`, `description`, `start_date`, `finish_date`, `organisation_id`, `executive_id`, `supervisor_id`) VALUES (20, 'morph virtual relationships', 'Pre-emptive contextually-based info-mediaries', '2012-06-16', '2013-06-20', 24, 20, 69);
INSERT INTO `hfri`.`projects` (`project_id`, `title`, `description`, `start_date`, `finish_date`, `organisation_id`, `executive_id`, `supervisor_id`) VALUES (21, 'architect front-end relationships', 'Streamlined non-volatile projection', '2013-02-27', '2014-03-14', 15, 21, 94);
INSERT INTO `hfri`.`projects` (`project_id`, `title`, `description`, `start_date`, `finish_date`, `organisation_id`, `executive_id`, `supervisor_id`) VALUES (22, 'grow intuitive e-commerce', 'Horizontal dedicated challenge', '2021-02-03', '2023-05-07', 39, 22, 24);
INSERT INTO `hfri`.`projects` (`project_id`, `title`, `description`, `start_date`, `finish_date`, `organisation_id`, `executive_id`, `supervisor_id`) VALUES (23, 'e-enable bleeding-edge users', 'Organized discrete budgetarymanagement', '2021-10-06', '2024-04-19', 22, 23, 52);
INSERT INTO `hfri`.`projects` (`project_id`, `title`, `description`, `start_date`, `finish_date`, `organisation_id`, `executive_id`, `supervisor_id`) VALUES (24, 'productize B2B niches', 'Automated regional success', '2021-05-31', '2023-07-08', 4, 24, 72);
INSERT INTO `hfri`.`projects` (`project_id`, `title`, `description`, `start_date`, `finish_date`, `organisation_id`, `executive_id`, `supervisor_id`) VALUES (25, 'extend visionary relationships', 'Implemented analyzing attitude', '2021-10-07', '2022-10-30', 36, 25, 71);
INSERT INTO `hfri`.`projects` (`project_id`, `title`, `description`, `start_date`, `finish_date`, `organisation_id`, `executive_id`, `supervisor_id`) VALUES (26, 'leverage back-end experiences', 'Multi-channelled human-resource model', '2022-01-17', '2023-02-03', 26, 26, 88);
INSERT INTO `hfri`.`projects` (`project_id`, `title`, `description`, `start_date`, `finish_date`, `organisation_id`, `executive_id`, `supervisor_id`) VALUES (27, 'brand one-to-one eyeballs', 'Profit-focused uniform projection', '2021-03-22', '2023-06-20', 33, 27, 15);
INSERT INTO `hfri`.`projects` (`project_id`, `title`, `description`, `start_date`, `finish_date`, `organisation_id`, `executive_id`, `supervisor_id`) VALUES (28, 'redefine web-enabled eyeballs', 'Secured bifurcated encryption', '2019-02-10', '2022-10-22', 32, 28, 23);
INSERT INTO `hfri`.`projects` (`project_id`, `title`, `description`, `start_date`, `finish_date`, `organisation_id`, `executive_id`, `supervisor_id`) VALUES (29, 'repurpose dynamic interfaces', 'Progressive bottom-line pricingstructure', '2016-03-28', '2017-07-03', 17, 29, 35);
INSERT INTO `hfri`.`projects` (`project_id`, `title`, `description`, `start_date`, `finish_date`, `organisation_id`, `executive_id`, `supervisor_id`) VALUES (30, 'syndicate granular systems', 'Integrated real-time array', '2012-09-18', '2015-12-02', 19, 30, 18);
INSERT INTO `hfri`.`projects` (`project_id`, `title`, `description`, `start_date`, `finish_date`, `organisation_id`, `executive_id`, `supervisor_id`) VALUES (31, 'expedite holistic deliverables', 'Configurable assymetric data-warehouse', '2013-10-03', '2016-08-02', 24, 31, 7);
INSERT INTO `hfri`.`projects` (`project_id`, `title`, `description`, `start_date`, `finish_date`, `organisation_id`, `executive_id`, `supervisor_id`) VALUES (32, 'whiteboard compelling webservices', 'Right-sized 4thgeneration customerloyalty', '2020-12-27', '2023-05-10', 35, 32, 85);
INSERT INTO `hfri`.`projects` (`project_id`, `title`, `description`, `start_date`, `finish_date`, `organisation_id`, `executive_id`, `supervisor_id`) VALUES (33, 'whiteboard back-end channels', 'Multi-lateral analyzing policy', '2021-09-24', '2023-12-19', 7, 33, 96);
INSERT INTO `hfri`.`projects` (`project_id`, `title`, `description`, `start_date`, `finish_date`, `organisation_id`, `executive_id`, `supervisor_id`) VALUES (34, 'mesh collaborative relationships', 'Total multi-state implementation', '2020-06-25', '2023-10-04', 4, 34, 84);
INSERT INTO `hfri`.`projects` (`project_id`, `title`, `description`, `start_date`, `finish_date`, `organisation_id`, `executive_id`, `supervisor_id`) VALUES (35, 'generate killer eyeballs', 'User-friendly disintermediate benchmark', '2022-05-13', '2024-11-17', 22, 35, 67);
INSERT INTO `hfri`.`projects` (`project_id`, `title`, `description`, `start_date`, `finish_date`, `organisation_id`, `executive_id`, `supervisor_id`) VALUES (36, 'envisioneer turn-key functionalities', 'Assimilated uniform synergy', '2019-12-18', '2022-09-27', 21, 36, 89);
INSERT INTO `hfri`.`projects` (`project_id`, `title`, `description`, `start_date`, `finish_date`, `organisation_id`, `executive_id`, `supervisor_id`) VALUES (37, 'engage back-end networks', 'Enhanced non-volatile benchmark', '2016-07-21', '2019-01-01', 25, 37, 47);
INSERT INTO `hfri`.`projects` (`project_id`, `title`, `description`, `start_date`, `finish_date`, `organisation_id`, `executive_id`, `supervisor_id`) VALUES (38, 'whiteboard compelling convergence', 'Ergonomic client-driven leverage', '2012-10-20', '2015-03-02', 5, 38, 15);
INSERT INTO `hfri`.`projects` (`project_id`, `title`, `description`, `start_date`, `finish_date`, `organisation_id`, `executive_id`, `supervisor_id`) VALUES (39, 'target collaborative technologies', 'Function-based radical instructionset', '2010-08-09', '2013-10-06', 40, 39, 22);
INSERT INTO `hfri`.`projects` (`project_id`, `title`, `description`, `start_date`, `finish_date`, `organisation_id`, `executive_id`, `supervisor_id`) VALUES (40, 'harness frictionless markets', 'Intuitive 24hour budgetarymanagement', '2021-09-09', '2023-08-27', 35, 40, 87);
INSERT INTO `hfri`.`projects` (`project_id`, `title`, `description`, `start_date`, `finish_date`, `organisation_id`, `executive_id`, `supervisor_id`) VALUES (41, 'scale back-end paradigms', 'Managed context-sensitive moderator', '2021-02-24', '2023-10-29', 37, 41, 51);
INSERT INTO `hfri`.`projects` (`project_id`, `title`, `description`, `start_date`, `finish_date`, `organisation_id`, `executive_id`, `supervisor_id`) VALUES (42, 'drive frictionless niches', 'Visionary static toolset', '2021-11-10', '2024-05-25', 30, 42, 73);
INSERT INTO `hfri`.`projects` (`project_id`, `title`, `description`, `start_date`, `finish_date`, `organisation_id`, `executive_id`, `supervisor_id`) VALUES (43, 'mesh scalable supply-chains', 'Proactive object-oriented focusgroup', '2021-10-15', '2024-11-09', 26, 43, 54);
INSERT INTO `hfri`.`projects` (`project_id`, `title`, `description`, `start_date`, `finish_date`, `organisation_id`, `executive_id`, `supervisor_id`) VALUES (44, 'deploy real-time methodologies', 'Upgradable mobile algorithm', '2018-05-23', '2019-09-17', 39, 44, 7);
INSERT INTO `hfri`.`projects` (`project_id`, `title`, `description`, `start_date`, `finish_date`, `organisation_id`, `executive_id`, `supervisor_id`) VALUES (45, 'transition leading-edge models', 'Down-sized holistic product', '2019-10-16', '2022-12-04', 36, 45, 42);
INSERT INTO `hfri`.`projects` (`project_id`, `title`, `description`, `start_date`, `finish_date`, `organisation_id`, `executive_id`, `supervisor_id`) VALUES (46, 'productize seamless models', 'Visionary modular help-desk', '2020-12-13', '2022-09-01', 10, 46, 48);
INSERT INTO `hfri`.`projects` (`project_id`, `title`, `description`, `start_date`, `finish_date`, `organisation_id`, `executive_id`, `supervisor_id`) VALUES (47, 'drive killer systems', 'Customizable contextually-based toolset', '2020-06-07', '2023-05-04', 20, 47, 12);
INSERT INTO `hfri`.`projects` (`project_id`, `title`, `description`, `start_date`, `finish_date`, `organisation_id`, `executive_id`, `supervisor_id`) VALUES (48, 'reintermediate strategic eyeballs', 'Synergistic uniform support', '2016-12-28', '2019-02-26', 13, 48, 65);
INSERT INTO `hfri`.`projects` (`project_id`, `title`, `description`, `start_date`, `finish_date`, `organisation_id`, `executive_id`, `supervisor_id`) VALUES (49, 'envisioneer integrated markets', 'Front-line intangible superstructure', '2021-09-28', '2022-10-22', 3, 49, 40);
INSERT INTO `hfri`.`projects` (`project_id`, `title`, `description`, `start_date`, `finish_date`, `organisation_id`, `executive_id`, `supervisor_id`) VALUES (50, 'mesh viral functionalities', 'Enterprise-wide grid-enabled protocol', '2019-09-29', '2023-08-01', 20, 50, 60);

INSERT INTO `hfri`.`phone_numbers` (`phone_number_id`, `organisation_id`, `number`) VALUES (1, 1, '1-517-851-8825');
INSERT INTO `hfri`.`phone_numbers` (`phone_number_id`, `organisation_id`, `number`) VALUES (2, 2, '122.312.0348');
INSERT INTO `hfri`.`phone_numbers` (`phone_number_id`, `organisation_id`, `number`) VALUES (3, 3, '1-303-697-1720x');
INSERT INTO `hfri`.`phone_numbers` (`phone_number_id`, `organisation_id`, `number`) VALUES (4, 4, '+68(1)357888265');
INSERT INTO `hfri`.`phone_numbers` (`phone_number_id`, `organisation_id`, `number`) VALUES (5, 5, '(458)669-4590x3');
INSERT INTO `hfri`.`phone_numbers` (`phone_number_id`, `organisation_id`, `number`) VALUES (6, 6, '795.340.1990');
INSERT INTO `hfri`.`phone_numbers` (`phone_number_id`, `organisation_id`, `number`) VALUES (7, 7, '(578)084-6217x5');
INSERT INTO `hfri`.`phone_numbers` (`phone_number_id`, `organisation_id`, `number`) VALUES (8, 8, '1-650-710-1596x');
INSERT INTO `hfri`.`phone_numbers` (`phone_number_id`, `organisation_id`, `number`) VALUES (9, 9, '317-826-6265');
INSERT INTO `hfri`.`phone_numbers` (`phone_number_id`, `organisation_id`, `number`) VALUES (10, 10, '(579)911-1926x8');
INSERT INTO `hfri`.`phone_numbers` (`phone_number_id`, `organisation_id`, `number`) VALUES (11, 11, '420-983-6130x86');
INSERT INTO `hfri`.`phone_numbers` (`phone_number_id`, `organisation_id`, `number`) VALUES (12, 12, '772-739-3158x38');
INSERT INTO `hfri`.`phone_numbers` (`phone_number_id`, `organisation_id`, `number`) VALUES (13, 13, '355.712.5953');
INSERT INTO `hfri`.`phone_numbers` (`phone_number_id`, `organisation_id`, `number`) VALUES (14, 14, '501.234.2277x00');
INSERT INTO `hfri`.`phone_numbers` (`phone_number_id`, `organisation_id`, `number`) VALUES (15, 15, '+01(7)119035079');
INSERT INTO `hfri`.`phone_numbers` (`phone_number_id`, `organisation_id`, `number`) VALUES (16, 16, '661.947.2486');
INSERT INTO `hfri`.`phone_numbers` (`phone_number_id`, `organisation_id`, `number`) VALUES (17, 17, '(411)957-4298');
INSERT INTO `hfri`.`phone_numbers` (`phone_number_id`, `organisation_id`, `number`) VALUES (18, 18, '931-554-2537');
INSERT INTO `hfri`.`phone_numbers` (`phone_number_id`, `organisation_id`, `number`) VALUES (19, 19, '882-430-5456x89');
INSERT INTO `hfri`.`phone_numbers` (`phone_number_id`, `organisation_id`, `number`) VALUES (20, 20, '1-945-688-8566x');
INSERT INTO `hfri`.`phone_numbers` (`phone_number_id`, `organisation_id`, `number`) VALUES (21, 21, '1-049-429-0741x');
INSERT INTO `hfri`.`phone_numbers` (`phone_number_id`, `organisation_id`, `number`) VALUES (22, 22, '(779)597-7402x1');
INSERT INTO `hfri`.`phone_numbers` (`phone_number_id`, `organisation_id`, `number`) VALUES (23, 23, '237.790.9075');
INSERT INTO `hfri`.`phone_numbers` (`phone_number_id`, `organisation_id`, `number`) VALUES (24, 24, '(089)372-3634');
INSERT INTO `hfri`.`phone_numbers` (`phone_number_id`, `organisation_id`, `number`) VALUES (25, 25, '(955)022-5428x9');
INSERT INTO `hfri`.`phone_numbers` (`phone_number_id`, `organisation_id`, `number`) VALUES (26, 26, '+20(9)690083884');
INSERT INTO `hfri`.`phone_numbers` (`phone_number_id`, `organisation_id`, `number`) VALUES (27, 27, '(986)267-2566');
INSERT INTO `hfri`.`phone_numbers` (`phone_number_id`, `organisation_id`, `number`) VALUES (28, 28, '307-758-1119');
INSERT INTO `hfri`.`phone_numbers` (`phone_number_id`, `organisation_id`, `number`) VALUES (29, 29, '1-668-146-1179');
INSERT INTO `hfri`.`phone_numbers` (`phone_number_id`, `organisation_id`, `number`) VALUES (30, 30, '783.767.4304');
INSERT INTO `hfri`.`phone_numbers` (`phone_number_id`, `organisation_id`, `number`) VALUES (31, 31, '+38(4)592911299');
INSERT INTO `hfri`.`phone_numbers` (`phone_number_id`, `organisation_id`, `number`) VALUES (32, 32, '463-622-2396x22');
INSERT INTO `hfri`.`phone_numbers` (`phone_number_id`, `organisation_id`, `number`) VALUES (33, 33, '(792)828-0985');
INSERT INTO `hfri`.`phone_numbers` (`phone_number_id`, `organisation_id`, `number`) VALUES (34, 34, '1-196-173-5165x');
INSERT INTO `hfri`.`phone_numbers` (`phone_number_id`, `organisation_id`, `number`) VALUES (35, 35, '697-798-2112');
INSERT INTO `hfri`.`phone_numbers` (`phone_number_id`, `organisation_id`, `number`) VALUES (36, 36, '(258)997-3364');
INSERT INTO `hfri`.`phone_numbers` (`phone_number_id`, `organisation_id`, `number`) VALUES (37, 37, '462.868.6129x84');
INSERT INTO `hfri`.`phone_numbers` (`phone_number_id`, `organisation_id`, `number`) VALUES (38, 38, '328-133-9750');
INSERT INTO `hfri`.`phone_numbers` (`phone_number_id`, `organisation_id`, `number`) VALUES (39, 39, '(774)047-9586');
INSERT INTO `hfri`.`phone_numbers` (`phone_number_id`, `organisation_id`, `number`) VALUES (40, 40, '1-841-554-2222x');

INSERT INTO `hfri`.`programs` (`program_id`, `name`, `address_id`) VALUES (1, 'revolutionize web-enabled e-services', 77);
INSERT INTO `hfri`.`programs` (`program_id`, `name`, `address_id`) VALUES (2, 'integrate out-of-the-box metrics', 10);
INSERT INTO `hfri`.`programs` (`program_id`, `name`, `address_id`) VALUES (3, 'reinvent best-of-breed infrastructures', 61);
INSERT INTO `hfri`.`programs` (`program_id`, `name`, `address_id`) VALUES (4, 'optimize end-to-end mindshare', 80);
INSERT INTO `hfri`.`programs` (`program_id`, `name`, `address_id`) VALUES (5, 'mesh interactive systems', 53);
INSERT INTO `hfri`.`programs` (`program_id`, `name`, `address_id`) VALUES (6, 'disintermediate global applications', 47);
INSERT INTO `hfri`.`programs` (`program_id`, `name`, `address_id`) VALUES (7, 'facilitate cutting-edge action-items', 9);
INSERT INTO `hfri`.`programs` (`program_id`, `name`, `address_id`) VALUES (8, 'innovate transparent e-business', 6);
INSERT INTO `hfri`.`programs` (`program_id`, `name`, `address_id`) VALUES (9, 'deliver web-enabled platforms', 69);
INSERT INTO `hfri`.`programs` (`program_id`, `name`, `address_id`) VALUES (10, 'benchmark value-added convergence', 50);
INSERT INTO `hfri`.`programs` (`program_id`, `name`, `address_id`) VALUES (11, 'drive innovative vortals', 53);
INSERT INTO `hfri`.`programs` (`program_id`, `name`, `address_id`) VALUES (12, 'facilitate synergistic models', 64);
INSERT INTO `hfri`.`programs` (`program_id`, `name`, `address_id`) VALUES (13, 'productize ubiquitous schemas', 63);
INSERT INTO `hfri`.`programs` (`program_id`, `name`, `address_id`) VALUES (14, 'syndicate scalable infomediaries', 71);
INSERT INTO `hfri`.`programs` (`program_id`, `name`, `address_id`) VALUES (15, 'repurpose turn-key initiatives', 1);
INSERT INTO `hfri`.`programs` (`program_id`, `name`, `address_id`) VALUES (16, 'innovate dot-com vortals', 7);
INSERT INTO `hfri`.`programs` (`program_id`, `name`, `address_id`) VALUES (17, 'maximize frictionless paradigms', 9);
INSERT INTO `hfri`.`programs` (`program_id`, `name`, `address_id`) VALUES (18, 'implement real-time solutions', 25);
INSERT INTO `hfri`.`programs` (`program_id`, `name`, `address_id`) VALUES (19, 'innovate user-centric networks', 33);
INSERT INTO `hfri`.`programs` (`program_id`, `name`, `address_id`) VALUES (20, 'aggregate best-of-breed e-markets', 33);
INSERT INTO `hfri`.`programs` (`program_id`, `name`, `address_id`) VALUES (21, 'benchmark impactful e-business', 70);
INSERT INTO `hfri`.`programs` (`program_id`, `name`, `address_id`) VALUES (22, 'deliver plug-and-play experiences', 15);
INSERT INTO `hfri`.`programs` (`program_id`, `name`, `address_id`) VALUES (23, 'revolutionize innovative systems', 28);
INSERT INTO `hfri`.`programs` (`program_id`, `name`, `address_id`) VALUES (24, 'architect dynamic metrics', 52);
INSERT INTO `hfri`.`programs` (`program_id`, `name`, `address_id`) VALUES (25, 'maximize ubiquitous relationships', 40);
INSERT INTO `hfri`.`programs` (`program_id`, `name`, `address_id`) VALUES (26, 'maximize strategic platforms', 55);
INSERT INTO `hfri`.`programs` (`program_id`, `name`, `address_id`) VALUES (27, 'disintermediate vertical networks', 35);
INSERT INTO `hfri`.`programs` (`program_id`, `name`, `address_id`) VALUES (28, 'transition virtual communities', 30);
INSERT INTO `hfri`.`programs` (`program_id`, `name`, `address_id`) VALUES (29, 'morph out-of-the-box metrics', 73);
INSERT INTO `hfri`.`programs` (`program_id`, `name`, `address_id`) VALUES (30, 'disintermediate enterprise web-readiness', 34);
INSERT INTO `hfri`.`programs` (`program_id`, `name`, `address_id`) VALUES (31, 'syndicate scalable technologies', 54);
INSERT INTO `hfri`.`programs` (`program_id`, `name`, `address_id`) VALUES (32, 'engineer magnetic technologies', 69);
INSERT INTO `hfri`.`programs` (`program_id`, `name`, `address_id`) VALUES (33, 'productize collaborative e-markets', 43);
INSERT INTO `hfri`.`programs` (`program_id`, `name`, `address_id`) VALUES (34, 'recontextualize collaborative experiences', 34);
INSERT INTO `hfri`.`programs` (`program_id`, `name`, `address_id`) VALUES (35, 'implement scalable mindshare', 68);
INSERT INTO `hfri`.`programs` (`program_id`, `name`, `address_id`) VALUES (36, 'exploit mission-critical architectures', 16);
INSERT INTO `hfri`.`programs` (`program_id`, `name`, `address_id`) VALUES (37, 'redefine scalable solutions', 1);
INSERT INTO `hfri`.`programs` (`program_id`, `name`, `address_id`) VALUES (38, 'benchmark best-of-breed eyeballs', 77);
INSERT INTO `hfri`.`programs` (`program_id`, `name`, `address_id`) VALUES (39, 'target granular convergence', 22);
INSERT INTO `hfri`.`programs` (`program_id`, `name`, `address_id`) VALUES (40, 'transform cross-media experiences', 70);

INSERT INTO `hfri`.`research_fields` (`research_field_id`, `description`) VALUES (1, 'Physical Sciences');
INSERT INTO `hfri`.`research_fields` (`research_field_id`, `description`) VALUES (9, 'Earth Sciences');
INSERT INTO `hfri`.`research_fields` (`research_field_id`, `description`) VALUES (21, 'Chemical Sciences');
INSERT INTO `hfri`.`research_fields` (`research_field_id`, `description`) VALUES (30, 'Humanities and Creative Arts');
INSERT INTO `hfri`.`research_fields` (`research_field_id`, `description`) VALUES (7, 'Engineering and Environmental Sciences');
INSERT INTO `hfri`.`research_fields` (`research_field_id`, `description`) VALUES (19, 'Education and Human Society');
INSERT INTO `hfri`.`research_fields` (`research_field_id`, `description`) VALUES (11, 'Economics and Commerce');
INSERT INTO `hfri`.`research_fields` (`research_field_id`, `description`) VALUES (5, 'Math, Information and Computing Sciences');
INSERT INTO `hfri`.`research_fields` (`research_field_id`, `description`) VALUES (20, 'Biological and Biotechnological Sciences');
INSERT INTO `hfri`.`research_fields` (`research_field_id`, `description`) VALUES (26, 'Medical and Health Sciences');
INSERT INTO `hfri`.`research_fields` (`research_field_id`, `description`) VALUES (25, 'Statistical Science');
INSERT INTO `hfri`.`research_fields` (`research_field_id`, `description`) VALUES (16, 'Cultural Assets Study');
INSERT INTO `hfri`.`research_fields` (`research_field_id`, `description`) VALUES (22, 'Geography');
INSERT INTO `hfri`.`research_fields` (`research_field_id`, `description`) VALUES (14, 'Natural Disaster Prevention Science');
INSERT INTO `hfri`.`research_fields` (`research_field_id`, `description`) VALUES (4, 'Social Psychology');
INSERT INTO `hfri`.`research_fields` (`research_field_id`, `description`) VALUES (6, 'Nanobioscience');
INSERT INTO `hfri`.`research_fields` (`research_field_id`, `description`) VALUES (10, 'Optical Engineering, Photon Science');
INSERT INTO `hfri`.`research_fields` (`research_field_id`, `description`) VALUES (27, 'Astronomy');
INSERT INTO `hfri`.`research_fields` (`research_field_id`, `description`) VALUES (23, 'Space and Upper Atmospheric Physics');
INSERT INTO `hfri`.`research_fields` (`research_field_id`, `description`) VALUES (24, 'Material Science');
INSERT INTO `hfri`.`research_fields` (`research_field_id`, `description`) VALUES (8, 'Molecular Biology');
INSERT INTO `hfri`.`research_fields` (`research_field_id`, `description`) VALUES (12, 'Animal Pysiology and Behavior');
INSERT INTO `hfri`.`research_fields` (`research_field_id`, `description`) VALUES (3, 'Applied Anthropology');
INSERT INTO `hfri`.`research_fields` (`research_field_id`, `description`) VALUES (29, 'Forest Science');
INSERT INTO `hfri`.`research_fields` (`research_field_id`, `description`) VALUES (15, 'Chemical Pharmacy');
INSERT INTO `hfri`.`research_fields` (`research_field_id`, `description`) VALUES (17, 'Genetics/Chromosome Dynamics');
INSERT INTO `hfri`.`research_fields` (`research_field_id`, `description`) VALUES (13, 'Sports Science');
INSERT INTO `hfri`.`research_fields` (`research_field_id`, `description`) VALUES (18, 'History of Thought');
INSERT INTO `hfri`.`research_fields` (`research_field_id`, `description`) VALUES (2, 'Fundamental Law');
INSERT INTO `hfri`.`research_fields` (`research_field_id`, `description`) VALUES (28, 'Power Engineering and Conversion');

INSERT INTO `hfri`.`fundings` (`program_id`, `project_id`, `sum`) VALUES (1, 11, 838983);
INSERT INTO `hfri`.`fundings` (`program_id`, `project_id`, `sum`) VALUES (2, 42, 843829);
INSERT INTO `hfri`.`fundings` (`program_id`, `project_id`, `sum`) VALUES (3, 10, 998610);
INSERT INTO `hfri`.`fundings` (`program_id`, `project_id`, `sum`) VALUES (6, 43, 465034);
INSERT INTO `hfri`.`fundings` (`program_id`, `project_id`, `sum`) VALUES (9, 25, 645044);
INSERT INTO `hfri`.`fundings` (`program_id`, `project_id`, `sum`) VALUES (12, 16, 836835);
INSERT INTO `hfri`.`fundings` (`program_id`, `project_id`, `sum`) VALUES (15, 49, 880460);
INSERT INTO `hfri`.`fundings` (`program_id`, `project_id`, `sum`) VALUES (16, 3, 203577);
INSERT INTO `hfri`.`fundings` (`program_id`, `project_id`, `sum`) VALUES (19, 13, 356968);
INSERT INTO `hfri`.`fundings` (`program_id`, `project_id`, `sum`) VALUES (19, 19, 685935);
INSERT INTO `hfri`.`fundings` (`program_id`, `project_id`, `sum`) VALUES (20, 39, 948136);
INSERT INTO `hfri`.`fundings` (`program_id`, `project_id`, `sum`) VALUES (21, 4, 363154);
INSERT INTO `hfri`.`fundings` (`program_id`, `project_id`, `sum`) VALUES (22, 26, 535700);
INSERT INTO `hfri`.`fundings` (`program_id`, `project_id`, `sum`) VALUES (22, 50, 745837);
INSERT INTO `hfri`.`fundings` (`program_id`, `project_id`, `sum`) VALUES (23, 41, 990536);
INSERT INTO `hfri`.`fundings` (`program_id`, `project_id`, `sum`) VALUES (26, 22, 156916);
INSERT INTO `hfri`.`fundings` (`program_id`, `project_id`, `sum`) VALUES (26, 32, 160537);
INSERT INTO `hfri`.`fundings` (`program_id`, `project_id`, `sum`) VALUES (26, 34, 829932);
INSERT INTO `hfri`.`fundings` (`program_id`, `project_id`, `sum`) VALUES (26, 36, 374069);
INSERT INTO `hfri`.`fundings` (`program_id`, `project_id`, `sum`) VALUES (27, 30, 843848);
INSERT INTO `hfri`.`fundings` (`program_id`, `project_id`, `sum`) VALUES (29, 44, 933265);
INSERT INTO `hfri`.`fundings` (`program_id`, `project_id`, `sum`) VALUES (32, 46, 460548);
INSERT INTO `hfri`.`fundings` (`program_id`, `project_id`, `sum`) VALUES (37, 5, 107081);
INSERT INTO `hfri`.`fundings` (`program_id`, `project_id`, `sum`) VALUES (39, 31, 872092);

INSERT INTO `hfri`.`reviews` (`project_id`, `research_worker_id`, `rating`, `date`) VALUES (3, 48, '8', '2015-04-12');
INSERT INTO `hfri`.`reviews` (`project_id`, `research_worker_id`, `rating`, `date`) VALUES (4, 9, '9', '2021-05-02');
INSERT INTO `hfri`.`reviews` (`project_id`, `research_worker_id`, `rating`, `date`) VALUES (5, 91, '6', '2021-01-18');
INSERT INTO `hfri`.`reviews` (`project_id`, `research_worker_id`, `rating`, `date`) VALUES (10, 70, '4', '2019-08-08');
INSERT INTO `hfri`.`reviews` (`project_id`, `research_worker_id`, `rating`, `date`) VALUES (11, 38, '10', '2012-09-23');
INSERT INTO `hfri`.`reviews` (`project_id`, `research_worker_id`, `rating`, `date`) VALUES (13, 21, '8', '2021-06-28');
INSERT INTO `hfri`.`reviews` (`project_id`, `research_worker_id`, `rating`, `date`) VALUES (16, 2, '7', '2014-10-23');
INSERT INTO `hfri`.`reviews` (`project_id`, `research_worker_id`, `rating`, `date`) VALUES (16, 10, '1', '2016-04-19');
INSERT INTO `hfri`.`reviews` (`project_id`, `research_worker_id`, `rating`, `date`) VALUES (16, 59, '7', '2016-04-10');
INSERT INTO `hfri`.`reviews` (`project_id`, `research_worker_id`, `rating`, `date`) VALUES (19, 82, '6', '2018-10-12');
INSERT INTO `hfri`.`reviews` (`project_id`, `research_worker_id`, `rating`, `date`) VALUES (22, 13, '3', '2017-11-30');
INSERT INTO `hfri`.`reviews` (`project_id`, `research_worker_id`, `rating`, `date`) VALUES (25, 42, '5', '2016-04-21');
INSERT INTO `hfri`.`reviews` (`project_id`, `research_worker_id`, `rating`, `date`) VALUES (26, 4, '1', '2012-11-03');
INSERT INTO `hfri`.`reviews` (`project_id`, `research_worker_id`, `rating`, `date`) VALUES (30, 60, '1', '2015-08-22');
INSERT INTO `hfri`.`reviews` (`project_id`, `research_worker_id`, `rating`, `date`) VALUES (31, 55, '7', '2014-09-22');
INSERT INTO `hfri`.`reviews` (`project_id`, `research_worker_id`, `rating`, `date`) VALUES (32, 9, '9', '2019-11-10');
INSERT INTO `hfri`.`reviews` (`project_id`, `research_worker_id`, `rating`, `date`) VALUES (32, 74, '3', '2018-03-09');
INSERT INTO `hfri`.`reviews` (`project_id`, `research_worker_id`, `rating`, `date`) VALUES (32, 78, '7', '2020-04-30');
INSERT INTO `hfri`.`reviews` (`project_id`, `research_worker_id`, `rating`, `date`) VALUES (34, 90, '4', '2014-10-31');
INSERT INTO `hfri`.`reviews` (`project_id`, `research_worker_id`, `rating`, `date`) VALUES (36, 71, '6', '2015-11-30');
INSERT INTO `hfri`.`reviews` (`project_id`, `research_worker_id`, `rating`, `date`) VALUES (36, 82, '7', '2013-12-28');
INSERT INTO `hfri`.`reviews` (`project_id`, `research_worker_id`, `rating`, `date`) VALUES (39, 76, '7', '2019-09-26');
INSERT INTO `hfri`.`reviews` (`project_id`, `research_worker_id`, `rating`, `date`) VALUES (41, 67, '3', '2012-11-13');
INSERT INTO `hfri`.`reviews` (`project_id`, `research_worker_id`, `rating`, `date`) VALUES (42, 4, '9', '2019-09-04');
INSERT INTO `hfri`.`reviews` (`project_id`, `research_worker_id`, `rating`, `date`) VALUES (42, 83, '10', '2017-04-13');
INSERT INTO `hfri`.`reviews` (`project_id`, `research_worker_id`, `rating`, `date`) VALUES (43, 26, '2', '2021-04-15');
INSERT INTO `hfri`.`reviews` (`project_id`, `research_worker_id`, `rating`, `date`) VALUES (44, 28, '2', '2022-05-07');
INSERT INTO `hfri`.`reviews` (`project_id`, `research_worker_id`, `rating`, `date`) VALUES (46, 81, '6', '2016-05-31');
INSERT INTO `hfri`.`reviews` (`project_id`, `research_worker_id`, `rating`, `date`) VALUES (49, 18, '1', '2017-11-01');
INSERT INTO `hfri`.`reviews` (`project_id`, `research_worker_id`, `rating`, `date`) VALUES (50, 41, '2', '2017-09-03');

INSERT INTO `hfri`.`commissions` (`commission_id`, `project_id`, `title`, `description`, `deadline`) VALUES (1, 23, 'transition seamless communities', 'Expanded intangible GraphicalUserInterface', '2022-05-11');
INSERT INTO `hfri`.`commissions` (`commission_id`, `project_id`, `title`, `description`, `deadline`) VALUES (2, 47, 'deploy vertical channels', 'Up-sized empowering forecast', '2022-03-29');
INSERT INTO `hfri`.`commissions` (`commission_id`, `project_id`, `title`, `description`, `deadline`) VALUES (3, 15, 'deliver value-added networks', 'Mandatory background hierarchy', '2022-04-06');
INSERT INTO `hfri`.`commissions` (`commission_id`, `project_id`, `title`, `description`, `deadline`) VALUES (4, 16, 'deliver user-centric portals', 'Configurable client-driven GraphicInterface', '2022-10-31');
INSERT INTO `hfri`.`commissions` (`commission_id`, `project_id`, `title`, `description`, `deadline`) VALUES (5, 37, 'drive rich deliverables', 'Function-based empowering encoding', '2022-01-02');
INSERT INTO `hfri`.`commissions` (`commission_id`, `project_id`, `title`, `description`, `deadline`) VALUES (6, 26, 'seize synergistic markets', 'Grass-roots bottom-line product', '2021-05-30');
INSERT INTO `hfri`.`commissions` (`commission_id`, `project_id`, `title`, `description`, `deadline`) VALUES (7, 36, 'productize intuitive synergies', 'Profit-focused 24hour monitoring', '2021-11-23');
INSERT INTO `hfri`.`commissions` (`commission_id`, `project_id`, `title`, `description`, `deadline`) VALUES (8, 14, 'transform seamless e-tailers', 'Adaptive 24/7 service-desk', '2022-04-21');
INSERT INTO `hfri`.`commissions` (`commission_id`, `project_id`, `title`, `description`, `deadline`) VALUES (9, 47, 'optimize customized eyeballs', 'Exclusive systemic hierarchy', '2022-07-14');
INSERT INTO `hfri`.`commissions` (`commission_id`, `project_id`, `title`, `description`, `deadline`) VALUES (10, 7, 'empower killer mindshare', 'Ameliorated analyzing archive', '2022-11-09');
INSERT INTO `hfri`.`commissions` (`commission_id`, `project_id`, `title`, `description`, `deadline`) VALUES (11, 17, 'iterate killer experiences', 'Customizable systematic projection', '2022-04-26');
INSERT INTO `hfri`.`commissions` (`commission_id`, `project_id`, `title`, `description`, `deadline`) VALUES (12, 29, 'monetize integrated infomediaries', 'Public-key dynamic pricingstructure', '2021-09-08');
INSERT INTO `hfri`.`commissions` (`commission_id`, `project_id`, `title`, `description`, `deadline`) VALUES (13, 40, 'utilize efficient supply-chains', 'Profit-focused eco-centric infrastructure', '2022-01-25');
INSERT INTO `hfri`.`commissions` (`commission_id`, `project_id`, `title`, `description`, `deadline`) VALUES (14, 29, 'cultivate bleeding-edge experiences', 'Adaptive neutral standardization', '2021-09-28');
INSERT INTO `hfri`.`commissions` (`commission_id`, `project_id`, `title`, `description`, `deadline`) VALUES (15, 7, 'benchmark dynamic methodologies', 'Ameliorated disintermediate frame', '2021-12-15');
INSERT INTO `hfri`.`commissions` (`commission_id`, `project_id`, `title`, `description`, `deadline`) VALUES (16, 3, 'engineer turn-key functionalities', 'Phased tertiary projection', '2022-07-06');
INSERT INTO `hfri`.`commissions` (`commission_id`, `project_id`, `title`, `description`, `deadline`) VALUES (17, 45, 'visualize 24/365 applications', 'Progressive didactic archive', '2022-03-23');
INSERT INTO `hfri`.`commissions` (`commission_id`, `project_id`, `title`, `description`, `deadline`) VALUES (18, 35, 'enable user-centric methodologies', 'Diverse national artificialintelligence', '2022-03-22');
INSERT INTO `hfri`.`commissions` (`commission_id`, `project_id`, `title`, `description`, `deadline`) VALUES (19, 10, 'iterate turn-key users', 'Exclusive heuristic synergy', '2022-11-18');
INSERT INTO `hfri`.`commissions` (`commission_id`, `project_id`, `title`, `description`, `deadline`) VALUES (20, 1, 'revolutionize intuitive models', 'Persistent homogeneous matrices', '2022-09-10');
INSERT INTO `hfri`.`commissions` (`commission_id`, `project_id`, `title`, `description`, `deadline`) VALUES (21, 43, 'synthesize compelling communities', 'Visionary interactive middleware', '2022-05-23');
INSERT INTO `hfri`.`commissions` (`commission_id`, `project_id`, `title`, `description`, `deadline`) VALUES (22, 25, 'aggregate holistic markets', 'Object-based optimizing knowledgebase', '2022-10-04');
INSERT INTO `hfri`.`commissions` (`commission_id`, `project_id`, `title`, `description`, `deadline`) VALUES (23, 11, 'benchmark e-business experiences', 'Robust cohesive knowledgebase', '2021-08-31');
INSERT INTO `hfri`.`commissions` (`commission_id`, `project_id`, `title`, `description`, `deadline`) VALUES (24, 35, 'expedite robust content', 'Up-sized client-driven pricingstructure', '2022-03-27');
INSERT INTO `hfri`.`commissions` (`commission_id`, `project_id`, `title`, `description`, `deadline`) VALUES (25, 50, 'exploit one-to-one markets', 'Horizontal composite GraphicalUserInterface', '2022-09-29');

INSERT INTO `hfri`.`project_research_fields` (`project_id`, `research_field_id`) VALUES (1, 23);
INSERT INTO `hfri`.`project_research_fields` (`project_id`, `research_field_id`) VALUES (2, 23);
INSERT INTO `hfri`.`project_research_fields` (`project_id`, `research_field_id`) VALUES (3, 24);
INSERT INTO `hfri`.`project_research_fields` (`project_id`, `research_field_id`) VALUES (4, 1);
INSERT INTO `hfri`.`project_research_fields` (`project_id`, `research_field_id`) VALUES (4, 29);
INSERT INTO `hfri`.`project_research_fields` (`project_id`, `research_field_id`) VALUES (5, 5);
INSERT INTO `hfri`.`project_research_fields` (`project_id`, `research_field_id`) VALUES (5, 27);
INSERT INTO `hfri`.`project_research_fields` (`project_id`, `research_field_id`) VALUES (8, 4);
INSERT INTO `hfri`.`project_research_fields` (`project_id`, `research_field_id`) VALUES (8, 30);
INSERT INTO `hfri`.`project_research_fields` (`project_id`, `research_field_id`) VALUES (9, 8);
INSERT INTO `hfri`.`project_research_fields` (`project_id`, `research_field_id`) VALUES (9, 17);
INSERT INTO `hfri`.`project_research_fields` (`project_id`, `research_field_id`) VALUES (9, 19);
INSERT INTO `hfri`.`project_research_fields` (`project_id`, `research_field_id`) VALUES (11, 4);
INSERT INTO `hfri`.`project_research_fields` (`project_id`, `research_field_id`) VALUES (12, 1);
INSERT INTO `hfri`.`project_research_fields` (`project_id`, `research_field_id`) VALUES (12, 7);
INSERT INTO `hfri`.`project_research_fields` (`project_id`, `research_field_id`) VALUES (12, 16);
INSERT INTO `hfri`.`project_research_fields` (`project_id`, `research_field_id`) VALUES (12, 26);
INSERT INTO `hfri`.`project_research_fields` (`project_id`, `research_field_id`) VALUES (13, 16);
INSERT INTO `hfri`.`project_research_fields` (`project_id`, `research_field_id`) VALUES (13, 27);
INSERT INTO `hfri`.`project_research_fields` (`project_id`, `research_field_id`) VALUES (14, 19);
INSERT INTO `hfri`.`project_research_fields` (`project_id`, `research_field_id`) VALUES (14, 22);
INSERT INTO `hfri`.`project_research_fields` (`project_id`, `research_field_id`) VALUES (15, 5);
INSERT INTO `hfri`.`project_research_fields` (`project_id`, `research_field_id`) VALUES (15, 19);
INSERT INTO `hfri`.`project_research_fields` (`project_id`, `research_field_id`) VALUES (16, 29);
INSERT INTO `hfri`.`project_research_fields` (`project_id`, `research_field_id`) VALUES (19, 3);
INSERT INTO `hfri`.`project_research_fields` (`project_id`, `research_field_id`) VALUES (21, 7);
INSERT INTO `hfri`.`project_research_fields` (`project_id`, `research_field_id`) VALUES (21, 26);
INSERT INTO `hfri`.`project_research_fields` (`project_id`, `research_field_id`) VALUES (22, 8);
INSERT INTO `hfri`.`project_research_fields` (`project_id`, `research_field_id`) VALUES (22, 26);
INSERT INTO `hfri`.`project_research_fields` (`project_id`, `research_field_id`) VALUES (23, 17);
INSERT INTO `hfri`.`project_research_fields` (`project_id`, `research_field_id`) VALUES (23, 27);
INSERT INTO `hfri`.`project_research_fields` (`project_id`, `research_field_id`) VALUES (24, 1);
INSERT INTO `hfri`.`project_research_fields` (`project_id`, `research_field_id`) VALUES (24, 19);
INSERT INTO `hfri`.`project_research_fields` (`project_id`, `research_field_id`) VALUES (25, 6);
INSERT INTO `hfri`.`project_research_fields` (`project_id`, `research_field_id`) VALUES (25, 8);
INSERT INTO `hfri`.`project_research_fields` (`project_id`, `research_field_id`) VALUES (25, 11);
INSERT INTO `hfri`.`project_research_fields` (`project_id`, `research_field_id`) VALUES (27, 13);
INSERT INTO `hfri`.`project_research_fields` (`project_id`, `research_field_id`) VALUES (27, 14);
INSERT INTO `hfri`.`project_research_fields` (`project_id`, `research_field_id`) VALUES (27, 22);
INSERT INTO `hfri`.`project_research_fields` (`project_id`, `research_field_id`) VALUES (30, 5);
INSERT INTO `hfri`.`project_research_fields` (`project_id`, `research_field_id`) VALUES (30, 11);
INSERT INTO `hfri`.`project_research_fields` (`project_id`, `research_field_id`) VALUES (30, 20);
INSERT INTO `hfri`.`project_research_fields` (`project_id`, `research_field_id`) VALUES (30, 23);
INSERT INTO `hfri`.`project_research_fields` (`project_id`, `research_field_id`) VALUES (31, 10);
INSERT INTO `hfri`.`project_research_fields` (`project_id`, `research_field_id`) VALUES (31, 20);
INSERT INTO `hfri`.`project_research_fields` (`project_id`, `research_field_id`) VALUES (32, 27);
INSERT INTO `hfri`.`project_research_fields` (`project_id`, `research_field_id`) VALUES (32, 30);
INSERT INTO `hfri`.`project_research_fields` (`project_id`, `research_field_id`) VALUES (34, 10);
INSERT INTO `hfri`.`project_research_fields` (`project_id`, `research_field_id`) VALUES (34, 19);
INSERT INTO `hfri`.`project_research_fields` (`project_id`, `research_field_id`) VALUES (35, 2);
INSERT INTO `hfri`.`project_research_fields` (`project_id`, `research_field_id`) VALUES (35, 18);
INSERT INTO `hfri`.`project_research_fields` (`project_id`, `research_field_id`) VALUES (36, 8);
INSERT INTO `hfri`.`project_research_fields` (`project_id`, `research_field_id`) VALUES (36, 26);
INSERT INTO `hfri`.`project_research_fields` (`project_id`, `research_field_id`) VALUES (37, 8);
INSERT INTO `hfri`.`project_research_fields` (`project_id`, `research_field_id`) VALUES (37, 19);
INSERT INTO `hfri`.`project_research_fields` (`project_id`, `research_field_id`) VALUES (37, 22);
INSERT INTO `hfri`.`project_research_fields` (`project_id`, `research_field_id`) VALUES (38, 11);
INSERT INTO `hfri`.`project_research_fields` (`project_id`, `research_field_id`) VALUES (38, 19);
INSERT INTO `hfri`.`project_research_fields` (`project_id`, `research_field_id`) VALUES (39, 13);
INSERT INTO `hfri`.`project_research_fields` (`project_id`, `research_field_id`) VALUES (39, 14);
INSERT INTO `hfri`.`project_research_fields` (`project_id`, `research_field_id`) VALUES (40, 4);
INSERT INTO `hfri`.`project_research_fields` (`project_id`, `research_field_id`) VALUES (41, 6);
INSERT INTO `hfri`.`project_research_fields` (`project_id`, `research_field_id`) VALUES (42, 23);
INSERT INTO `hfri`.`project_research_fields` (`project_id`, `research_field_id`) VALUES (43, 15);
INSERT INTO `hfri`.`project_research_fields` (`project_id`, `research_field_id`) VALUES (43, 19);
INSERT INTO `hfri`.`project_research_fields` (`project_id`, `research_field_id`) VALUES (43, 20);
INSERT INTO `hfri`.`project_research_fields` (`project_id`, `research_field_id`) VALUES (43, 30);
INSERT INTO `hfri`.`project_research_fields` (`project_id`, `research_field_id`) VALUES (44, 17);
INSERT INTO `hfri`.`project_research_fields` (`project_id`, `research_field_id`) VALUES (44, 24);
INSERT INTO `hfri`.`project_research_fields` (`project_id`, `research_field_id`) VALUES (46, 27);
INSERT INTO `hfri`.`project_research_fields` (`project_id`, `research_field_id`) VALUES (47, 1);
INSERT INTO `hfri`.`project_research_fields` (`project_id`, `research_field_id`) VALUES (48, 13);
INSERT INTO `hfri`.`project_research_fields` (`project_id`, `research_field_id`) VALUES (48, 20);
INSERT INTO `hfri`.`project_research_fields` (`project_id`, `research_field_id`) VALUES (49, 10);
INSERT INTO `hfri`.`project_research_fields` (`project_id`, `research_field_id`) VALUES (49, 19);

INSERT INTO `hfri`.`project_research_workers` (`research_worker_id`, `project_id`) VALUES (1, 29);
INSERT INTO `hfri`.`project_research_workers` (`research_worker_id`, `project_id`) VALUES (2, 5);
INSERT INTO `hfri`.`project_research_workers` (`research_worker_id`, `project_id`) VALUES (4, 20);
INSERT INTO `hfri`.`project_research_workers` (`research_worker_id`, `project_id`) VALUES (6, 22);
INSERT INTO `hfri`.`project_research_workers` (`research_worker_id`, `project_id`) VALUES (6, 48);
INSERT INTO `hfri`.`project_research_workers` (`research_worker_id`, `project_id`) VALUES (8, 8);
INSERT INTO `hfri`.`project_research_workers` (`research_worker_id`, `project_id`) VALUES (8, 10);
INSERT INTO `hfri`.`project_research_workers` (`research_worker_id`, `project_id`) VALUES (9, 30);
INSERT INTO `hfri`.`project_research_workers` (`research_worker_id`, `project_id`) VALUES (10, 14);
INSERT INTO `hfri`.`project_research_workers` (`research_worker_id`, `project_id`) VALUES (12, 3);
INSERT INTO `hfri`.`project_research_workers` (`research_worker_id`, `project_id`) VALUES (12, 4);
INSERT INTO `hfri`.`project_research_workers` (`research_worker_id`, `project_id`) VALUES (13, 5);
INSERT INTO `hfri`.`project_research_workers` (`research_worker_id`, `project_id`) VALUES (13, 10);
INSERT INTO `hfri`.`project_research_workers` (`research_worker_id`, `project_id`) VALUES (13, 13);
INSERT INTO `hfri`.`project_research_workers` (`research_worker_id`, `project_id`) VALUES (13, 28);
INSERT INTO `hfri`.`project_research_workers` (`research_worker_id`, `project_id`) VALUES (14, 8);
INSERT INTO `hfri`.`project_research_workers` (`research_worker_id`, `project_id`) VALUES (15, 13);
INSERT INTO `hfri`.`project_research_workers` (`research_worker_id`, `project_id`) VALUES (15, 17);
INSERT INTO `hfri`.`project_research_workers` (`research_worker_id`, `project_id`) VALUES (15, 27);
INSERT INTO `hfri`.`project_research_workers` (`research_worker_id`, `project_id`) VALUES (16, 13);
INSERT INTO `hfri`.`project_research_workers` (`research_worker_id`, `project_id`) VALUES (17, 12);
INSERT INTO `hfri`.`project_research_workers` (`research_worker_id`, `project_id`) VALUES (17, 29);
INSERT INTO `hfri`.`project_research_workers` (`research_worker_id`, `project_id`) VALUES (17, 44);
INSERT INTO `hfri`.`project_research_workers` (`research_worker_id`, `project_id`) VALUES (18, 17);
INSERT INTO `hfri`.`project_research_workers` (`research_worker_id`, `project_id`) VALUES (19, 7);
INSERT INTO `hfri`.`project_research_workers` (`research_worker_id`, `project_id`) VALUES (19, 45);
INSERT INTO `hfri`.`project_research_workers` (`research_worker_id`, `project_id`) VALUES (20, 27);
INSERT INTO `hfri`.`project_research_workers` (`research_worker_id`, `project_id`) VALUES (24, 1);
INSERT INTO `hfri`.`project_research_workers` (`research_worker_id`, `project_id`) VALUES (24, 20);
INSERT INTO `hfri`.`project_research_workers` (`research_worker_id`, `project_id`) VALUES (26, 1);
INSERT INTO `hfri`.`project_research_workers` (`research_worker_id`, `project_id`) VALUES (26, 45);
INSERT INTO `hfri`.`project_research_workers` (`research_worker_id`, `project_id`) VALUES (28, 28);
INSERT INTO `hfri`.`project_research_workers` (`research_worker_id`, `project_id`) VALUES (28, 37);
INSERT INTO `hfri`.`project_research_workers` (`research_worker_id`, `project_id`) VALUES (28, 40);
INSERT INTO `hfri`.`project_research_workers` (`research_worker_id`, `project_id`) VALUES (28, 42);
INSERT INTO `hfri`.`project_research_workers` (`research_worker_id`, `project_id`) VALUES (29, 19);
INSERT INTO `hfri`.`project_research_workers` (`research_worker_id`, `project_id`) VALUES (29, 50);
INSERT INTO `hfri`.`project_research_workers` (`research_worker_id`, `project_id`) VALUES (33, 22);
INSERT INTO `hfri`.`project_research_workers` (`research_worker_id`, `project_id`) VALUES (33, 39);
INSERT INTO `hfri`.`project_research_workers` (`research_worker_id`, `project_id`) VALUES (34, 18);
INSERT INTO `hfri`.`project_research_workers` (`research_worker_id`, `project_id`) VALUES (35, 2);
INSERT INTO `hfri`.`project_research_workers` (`research_worker_id`, `project_id`) VALUES (35, 28);
INSERT INTO `hfri`.`project_research_workers` (`research_worker_id`, `project_id`) VALUES (35, 36);
INSERT INTO `hfri`.`project_research_workers` (`research_worker_id`, `project_id`) VALUES (38, 32);
INSERT INTO `hfri`.`project_research_workers` (`research_worker_id`, `project_id`) VALUES (38, 39);
INSERT INTO `hfri`.`project_research_workers` (`research_worker_id`, `project_id`) VALUES (39, 5);
INSERT INTO `hfri`.`project_research_workers` (`research_worker_id`, `project_id`) VALUES (39, 34);
INSERT INTO `hfri`.`project_research_workers` (`research_worker_id`, `project_id`) VALUES (39, 37);
INSERT INTO `hfri`.`project_research_workers` (`research_worker_id`, `project_id`) VALUES (40, 8);
INSERT INTO `hfri`.`project_research_workers` (`research_worker_id`, `project_id`) VALUES (40, 28);
INSERT INTO `hfri`.`project_research_workers` (`research_worker_id`, `project_id`) VALUES (41, 12);
INSERT INTO `hfri`.`project_research_workers` (`research_worker_id`, `project_id`) VALUES (42, 14);
INSERT INTO `hfri`.`project_research_workers` (`research_worker_id`, `project_id`) VALUES (42, 25);
INSERT INTO `hfri`.`project_research_workers` (`research_worker_id`, `project_id`) VALUES (42, 26);
INSERT INTO `hfri`.`project_research_workers` (`research_worker_id`, `project_id`) VALUES (43, 18);
INSERT INTO `hfri`.`project_research_workers` (`research_worker_id`, `project_id`) VALUES (43, 32);
INSERT INTO `hfri`.`project_research_workers` (`research_worker_id`, `project_id`) VALUES (45, 5);
INSERT INTO `hfri`.`project_research_workers` (`research_worker_id`, `project_id`) VALUES (46, 46);
INSERT INTO `hfri`.`project_research_workers` (`research_worker_id`, `project_id`) VALUES (46, 47);
INSERT INTO `hfri`.`project_research_workers` (`research_worker_id`, `project_id`) VALUES (53, 11);
INSERT INTO `hfri`.`project_research_workers` (`research_worker_id`, `project_id`) VALUES (54, 6);
INSERT INTO `hfri`.`project_research_workers` (`research_worker_id`, `project_id`) VALUES (55, 8);
INSERT INTO `hfri`.`project_research_workers` (`research_worker_id`, `project_id`) VALUES (56, 42);
INSERT INTO `hfri`.`project_research_workers` (`research_worker_id`, `project_id`) VALUES (58, 13);
INSERT INTO `hfri`.`project_research_workers` (`research_worker_id`, `project_id`) VALUES (58, 17);
INSERT INTO `hfri`.`project_research_workers` (`research_worker_id`, `project_id`) VALUES (58, 36);
INSERT INTO `hfri`.`project_research_workers` (`research_worker_id`, `project_id`) VALUES (59, 46);
INSERT INTO `hfri`.`project_research_workers` (`research_worker_id`, `project_id`) VALUES (62, 12);
INSERT INTO `hfri`.`project_research_workers` (`research_worker_id`, `project_id`) VALUES (62, 48);
INSERT INTO `hfri`.`project_research_workers` (`research_worker_id`, `project_id`) VALUES (63, 13);
INSERT INTO `hfri`.`project_research_workers` (`research_worker_id`, `project_id`) VALUES (63, 37);
INSERT INTO `hfri`.`project_research_workers` (`research_worker_id`, `project_id`) VALUES (65, 19);
INSERT INTO `hfri`.`project_research_workers` (`research_worker_id`, `project_id`) VALUES (66, 8);
INSERT INTO `hfri`.`project_research_workers` (`research_worker_id`, `project_id`) VALUES (66, 14);
INSERT INTO `hfri`.`project_research_workers` (`research_worker_id`, `project_id`) VALUES (66, 47);
INSERT INTO `hfri`.`project_research_workers` (`research_worker_id`, `project_id`) VALUES (68, 22);
INSERT INTO `hfri`.`project_research_workers` (`research_worker_id`, `project_id`) VALUES (69, 45);
INSERT INTO `hfri`.`project_research_workers` (`research_worker_id`, `project_id`) VALUES (70, 9);
INSERT INTO `hfri`.`project_research_workers` (`research_worker_id`, `project_id`) VALUES (70, 13);
INSERT INTO `hfri`.`project_research_workers` (`research_worker_id`, `project_id`) VALUES (70, 14);
INSERT INTO `hfri`.`project_research_workers` (`research_worker_id`, `project_id`) VALUES (70, 15);
INSERT INTO `hfri`.`project_research_workers` (`research_worker_id`, `project_id`) VALUES (71, 31);
INSERT INTO `hfri`.`project_research_workers` (`research_worker_id`, `project_id`) VALUES (71, 34);
INSERT INTO `hfri`.`project_research_workers` (`research_worker_id`, `project_id`) VALUES (72, 4);
INSERT INTO `hfri`.`project_research_workers` (`research_worker_id`, `project_id`) VALUES (73, 25);
INSERT INTO `hfri`.`project_research_workers` (`research_worker_id`, `project_id`) VALUES (73, 43);
INSERT INTO `hfri`.`project_research_workers` (`research_worker_id`, `project_id`) VALUES (74, 23);
INSERT INTO `hfri`.`project_research_workers` (`research_worker_id`, `project_id`) VALUES (74, 33);
INSERT INTO `hfri`.`project_research_workers` (`research_worker_id`, `project_id`) VALUES (80, 49);
INSERT INTO `hfri`.`project_research_workers` (`research_worker_id`, `project_id`) VALUES (81, 21);
INSERT INTO `hfri`.`project_research_workers` (`research_worker_id`, `project_id`) VALUES (81, 41);
INSERT INTO `hfri`.`project_research_workers` (`research_worker_id`, `project_id`) VALUES (82, 5);
INSERT INTO `hfri`.`project_research_workers` (`research_worker_id`, `project_id`) VALUES (83, 31);
INSERT INTO `hfri`.`project_research_workers` (`research_worker_id`, `project_id`) VALUES (83, 37);
INSERT INTO `hfri`.`project_research_workers` (`research_worker_id`, `project_id`) VALUES (84, 28);
INSERT INTO `hfri`.`project_research_workers` (`research_worker_id`, `project_id`) VALUES (84, 46);
INSERT INTO `hfri`.`project_research_workers` (`research_worker_id`, `project_id`) VALUES (85, 48);
INSERT INTO `hfri`.`project_research_workers` (`research_worker_id`, `project_id`) VALUES (86, 4);
INSERT INTO `hfri`.`project_research_workers` (`research_worker_id`, `project_id`) VALUES (86, 16);
INSERT INTO `hfri`.`project_research_workers` (`research_worker_id`, `project_id`) VALUES (86, 42);
INSERT INTO `hfri`.`project_research_workers` (`research_worker_id`, `project_id`) VALUES (87, 41);
INSERT INTO `hfri`.`project_research_workers` (`research_worker_id`, `project_id`) VALUES (88, 7);
INSERT INTO `hfri`.`project_research_workers` (`research_worker_id`, `project_id`) VALUES (88, 19);
INSERT INTO `hfri`.`project_research_workers` (`research_worker_id`, `project_id`) VALUES (88, 30);
INSERT INTO `hfri`.`project_research_workers` (`research_worker_id`, `project_id`) VALUES (88, 37);
INSERT INTO `hfri`.`project_research_workers` (`research_worker_id`, `project_id`) VALUES (88, 44);
INSERT INTO `hfri`.`project_research_workers` (`research_worker_id`, `project_id`) VALUES (89, 8);
INSERT INTO `hfri`.`project_research_workers` (`research_worker_id`, `project_id`) VALUES (90, 22);
INSERT INTO `hfri`.`project_research_workers` (`research_worker_id`, `project_id`) VALUES (90, 38);
INSERT INTO `hfri`.`project_research_workers` (`research_worker_id`, `project_id`) VALUES (90, 47);
INSERT INTO `hfri`.`project_research_workers` (`research_worker_id`, `project_id`) VALUES (91, 39);
INSERT INTO `hfri`.`project_research_workers` (`research_worker_id`, `project_id`) VALUES (92, 43);
INSERT INTO `hfri`.`project_research_workers` (`research_worker_id`, `project_id`) VALUES (93, 13);
INSERT INTO `hfri`.`project_research_workers` (`research_worker_id`, `project_id`) VALUES (94, 40);
INSERT INTO `hfri`.`project_research_workers` (`research_worker_id`, `project_id`) VALUES (95, 16);
INSERT INTO `hfri`.`project_research_workers` (`research_worker_id`, `project_id`) VALUES (97, 7);
INSERT INTO `hfri`.`project_research_workers` (`research_worker_id`, `project_id`) VALUES (97, 21);
INSERT INTO `hfri`.`project_research_workers` (`research_worker_id`, `project_id`) VALUES (97, 47);
INSERT INTO `hfri`.`project_research_workers` (`research_worker_id`, `project_id`) VALUES (98, 17);
INSERT INTO `hfri`.`project_research_workers` (`research_worker_id`, `project_id`) VALUES (98, 35);